Channel_OrigGray,Count_FilteredNuclei,Count_IdentifyPrimaryObjects,Count_IdentifySecondaryObjects,ExecutionTime_01Images,ExecutionTime_02Metadata,ExecutionTime_03NamesAndTypes,ExecutionTime_04Groups,ExecutionTime_05CorrectIlluminationCalculate,ExecutionTime_06CorrectIlluminationApply,ExecutionTime_07ImageMath,ExecutionTime_08EnhanceOrSuppressFeatures,ExecutionTime_09IdentifyPrimaryObjects,ExecutionTime_10IdentifySecondaryObjects,ExecutionTime_11TrackObjects,ExecutionTime_12Tile,ExecutionTime_13MeasureObjectSizeShape,ExecutionTime_14SaveImages,FileName_OrigGray,Frame_OrigGray,Group_Index,Group_Number,Height_OrigGray,ImageNumber,ImageSet_ImageSet,MD5Digest_OrigGray,Metadata_FileLocation,Metadata_Frame,Metadata_Series,ModuleError_01Images,ModuleError_02Metadata,ModuleError_03NamesAndTypes,ModuleError_04Groups,ModuleError_05CorrectIlluminationCalculate,ModuleError_06CorrectIlluminationApply,ModuleError_07ImageMath,ModuleError_08EnhanceOrSuppressFeatures,ModuleError_09IdentifyPrimaryObjects,ModuleError_10IdentifySecondaryObjects,ModuleError_11TrackObjects,ModuleError_12Tile,ModuleError_13MeasureObjectSizeShape,ModuleError_14SaveImages,PathName_OrigGray,ProcessingStatus,Scaling_OrigGray,Series_OrigGray,Threshold_FinalThreshold_IdentifyPrimaryObjects,Threshold_FinalThreshold_IdentifySecondaryObjects,Threshold_OrigThreshold_IdentifyPrimaryObjects,Threshold_OrigThreshold_IdentifySecondaryObjects,Threshold_SumOfEntropies_IdentifyPrimaryObjects,Threshold_SumOfEntropies_IdentifySecondaryObjects,Threshold_WeightedVariance_IdentifyPrimaryObjects,Threshold_WeightedVariance_IdentifySecondaryObjects,TrackObjects_LostObjectCount_IdentifySecondaryObjects_50,TrackObjects_MergedObjectCount_IdentifySecondaryObjects_50,TrackObjects_NewObjectCount_IdentifySecondaryObjects_50,TrackObjects_SplitObjectCount_IdentifySecondaryObjects_50,URL_OrigGray,Width_OrigGray
-1,112.0,112.0,112.0,0.0,0.0,2.328125,0.0,0.28125,0.015625,0.0,4.5,0.765625,0.65625,0.890625,0.046875,0.421875,1.359375,mono_T000001.tif,0,1,1,1060,1,b'eLvlvNmvsxlNrYM4tRoY6pVkpoGTJsxvwHADuRmUdp1REjGIgUjI4JADMsCWgBK1r6sdADs8nB8=',40873ac24dfe7ca300811f82b81ae011,file:///C:/Users/Client/Documents/GitHub/article/CellProfiler/E.coli_mono_agarose/1.%20Raw%20Images/1.%20raw%20images/mono_T000001.tif,0,0,0,0,0,0,0,0,0,0,0,0,0,0,0,0,C:\Users\Client\Documents\GitHub\article\CellProfiler\E.coli_mono_agarose\1. Raw Images\1. raw images,Done,255,0,0.17662005424499513,0.43466803431510925,0.22077507,0.43466803,-11.023142813478703,-8.523886169959397,1.124309295075097,0.01750178946881673,0,0,112,0,file:///C:/Users/Client/Documents/GitHub/article/CellProfiler/E.coli_mono_agarose/1.%20Raw%20Images/1.%20raw%20images/mono_T000001.tif,536
-1,114.0,114.0,114.0,0.0,0.0,0.890625,0.0,0.671875,0.0,0.0,4.609375,0.625,0.640625,0.90625,0.046875,0.5,1.296875,mono_T000002.tif,0,2,1,1060,2,b'eLvlvNmvsxlNrYM4tRoY6ZVkpoGTJsxvwHADuRmUdp1REjGIgUjI4JADMsCWgBK1r6sdADuJnCA=',49da8bd0b57c47a8ae63196ecb0ef9de,file:///C:/Users/Client/Documents/GitHub/article/CellProfiler/E.coli_mono_agarose/1.%20Raw%20Images/1.%20raw%20images/mono_T000002.tif,0,0,0,0,0,0,0,0,0,0,0,0,0,0,0,0,C:\Users\Client\Documents\GitHub\article\CellProfiler\E.coli_mono_agarose\1. Raw Images\1. raw images,Done,255,0,0.17523688077926636,0.43475455045700073,0.2190461,0.43475455,-11.014628833376321,-8.532640130266193,1.1113467053529262,0.01827930491335359,0,5,1,7,file:///C:/Users/Client/Documents/GitHub/article/CellProfiler/E.coli_mono_agarose/1.%20Raw%20Images/1.%20raw%20images/mono_T000002.tif,536
-1,116.0,116.0,116.0,0.0,0.0,0.4375,0.0,0.5,0.0,0.0,4.546875,0.625,0.625,0.765625,0.03125,0.484375,1.34375,mono_T000003.tif,0,3,1,1060,3,b'eLvlvNmvsxlNrYM4tRoY65VkpoGTJsxvwHADuRmUdp1REjGIgUjI4JADMsCWgBK1r6sdADvWnCE=',3bdf210b4d8a7fa8136718f291bcdfe7,file:///C:/Users/Client/Documents/GitHub/article/CellProfiler/E.coli_mono_agarose/1.%20Raw%20Images/1.%20raw%20images/mono_T000003.tif,0,0,0,0,0,0,0,0,0,0,0,0,0,0,0,0,C:\Users\Client\Documents\GitHub\article\CellProfiler\E.coli_mono_agarose\1. Raw Images\1. raw images,Done,255,0,0.1764659881591797,0.43353042006492615,0.22058249,0.43353042,-11.120052129739847,-8.510588459397088,1.1121885509019855,0.018786298891578485,0,3,0,9,file:///C:/Users/Client/Documents/GitHub/article/CellProfiler/E.coli_mono_agarose/1.%20Raw%20Images/1.%20raw%20images/mono_T000003.tif,536
-1,118.0,118.0,118.0,0.0,0.0,0.53125,0.0,0.734375,0.03125,0.0,4.59375,0.65625,0.640625,0.78125,0.03125,0.515625,1.296875,mono_T000004.tif,0,4,1,1060,4,b'eLvlvNmvsxlNrYM4tRqY6JVkpoGTJsxvwHADuRmUdp1REjGIgUjI4JADMsCWgBK1r6sdADwjnCI=',6adf04ae71d74e27fc6e806d751435cf,file:///C:/Users/Client/Documents/GitHub/article/CellProfiler/E.coli_mono_agarose/1.%20Raw%20Images/1.%20raw%20images/mono_T000004.tif,0,0,0,0,0,0,0,0,0,0,0,0,0,0,0,0,C:\Users\Client\Documents\GitHub\article\CellProfiler\E.coli_mono_agarose\1. Raw Images\1. raw images,Done,255,0,0.17642781734466553,0.43191224336624146,0.22053477,0.43191224,-10.949679165796235,-8.561885097559351,1.1057384810005233,0.0188914921606076,0,4,0,11,file:///C:/Users/Client/Documents/GitHub/article/CellProfiler/E.coli_mono_agarose/1.%20Raw%20Images/1.%20raw%20images/mono_T000004.tif,536
-1,112.0,112.0,112.0,0.0,0.0,0.5,0.0,0.40625,0.0,0.03125,4.546875,0.65625,0.609375,0.71875,0.03125,0.515625,1.28125,mono_T000005.tif,0,5,1,1060,5,b'eLvlvNmvsxlNrYM4tRqY6pVkpoGTJsxvwHADuRmUdp1REjGIgUjI4JADMsCWgBK1r6sdADxwnCM=',404ea0a7186b65695661fccbb73444ce,file:///C:/Users/Client/Documents/GitHub/article/CellProfiler/E.coli_mono_agarose/1.%20Raw%20Images/1.%20raw%20images/mono_T000005.tif,0,0,0,0,0,0,0,0,0,0,0,0,0,0,0,0,C:\Users\Client\Documents\GitHub\article\CellProfiler\E.coli_mono_agarose\1. Raw Images\1. raw images,Done,255,0,0.17469645738601686,0.43228664994239807,0.21837057,0.43228665,-10.984652202921609,-8.514241321383452,1.0943064317860574,0.01900217040848515,4,4,0,10,file:///C:/Users/Client/Documents/GitHub/article/CellProfiler/E.coli_mono_agarose/1.%20Raw%20Images/1.%20raw%20images/mono_T000005.tif,536
-1,118.0,118.0,118.0,0.0,0.0,0.359375,0.0,0.28125,0.015625,0.0,4.515625,0.75,0.625,0.71875,0.03125,0.46875,1.34375,mono_T000006.tif,0,6,1,1060,6,b'eLvlvNmvsxlNrYM4tRqY6ZVkpoGTJsxvwHADuRmUdp1REjGIgUjI4JADMsCWgBK1r6sdADy9nCQ=',07047b3cd9b0a00f2419fc1227a39c23,file:///C:/Users/Client/Documents/GitHub/article/CellProfiler/E.coli_mono_agarose/1.%20Raw%20Images/1.%20raw%20images/mono_T000006.tif,0,0,0,0,0,0,0,0,0,0,0,0,0,0,0,0,C:\Users\Client\Documents\GitHub\article\CellProfiler\E.coli_mono_agarose\1. Raw Images\1. raw images,Done,255,0,0.17681487798690798,0.4334775507450104,0.2210186,0.43347755,-10.931180189029558,-8.255709709089603,1.1223247291935674,0.020203139722151604,1,5,5,10,file:///C:/Users/Client/Documents/GitHub/article/CellProfiler/E.coli_mono_agarose/1.%20Raw%20Images/1.%20raw%20images/mono_T000006.tif,536
-1,117.0,117.0,117.0,0.0,0.0,0.28125,0.0,0.21875,0.0,0.0,4.484375,0.6875,0.625,0.8125,0.03125,0.5,1.375,mono_T000007.tif,0,7,1,1060,7,b'eLvlvNmvsxlNrYM4tRqY65VkpoGTJsxvwHADuRmUdp1REjGIgUjI4JADMsCWgBK1r6sdAD0KnCU=',22fa930cbdb3ba5918fa21460ebabb7b,file:///C:/Users/Client/Documents/GitHub/article/CellProfiler/E.coli_mono_agarose/1.%20Raw%20Images/1.%20raw%20images/mono_T000007.tif,0,0,0,0,0,0,0,0,0,0,0,0,0,0,0,0,C:\Users\Client\Documents\GitHub\article\CellProfiler\E.coli_mono_agarose\1. Raw Images\1. raw images,Done,255,0,0.17645610570907594,0.433724969625473,0.22057013,0.43372497,-10.944058960001144,-8.300254165192635,1.117271236653257,0.02085635101310088,2,7,1,13,file:///C:/Users/Client/Documents/GitHub/article/CellProfiler/E.coli_mono_agarose/1.%20Raw%20Images/1.%20raw%20images/mono_T000007.tif,536
-1,118.0,118.0,118.0,0.0,0.0,0.453125,0.0,0.1875,0.0,0.0,4.640625,0.640625,0.640625,0.765625,0.03125,0.59375,1.3125,mono_T000008.tif,0,8,1,1060,8,b'eLvlvNmvsxlNrYM4tRpY6JVkpoGTJsxvwHADuRmUdp1REjGIgUjI4JADMsCWgBK1r6sdAD1XnCY=',b4bbaca06856319287bb2f0584d43323,file:///C:/Users/Client/Documents/GitHub/article/CellProfiler/E.coli_mono_agarose/1.%20Raw%20Images/1.%20raw%20images/mono_T000008.tif,0,0,0,0,0,0,0,0,0,0,0,0,0,0,0,0,C:\Users\Client\Documents\GitHub\article\CellProfiler\E.coli_mono_agarose\1. Raw Images\1. raw images,Done,255,0,0.17773687839508057,0.43317610025405884,0.2221711,0.4331761,-10.920168952877576,-8.524504278149404,1.121593134883362,0.02157382042577605,1,3,1,16,file:///C:/Users/Client/Documents/GitHub/article/CellProfiler/E.coli_mono_agarose/1.%20Raw%20Images/1.%20raw%20images/mono_T000008.tif,536
-1,119.0,119.0,119.0,0.0,0.0,0.265625,0.0,0.203125,0.015625,0.0,4.5,0.671875,0.640625,0.78125,0.03125,0.484375,1.328125,mono_T000009.tif,0,9,1,1060,9,b'eLvlvNmvsxlNrYM4tRpY6pVkpoGTJsxvwHADuRmUdp1REjGIgUjI4JADMsCWgBK1r6sdAD2knCc=',dcbdb1d9b2a9674c65aeeb6f2e5f8703,file:///C:/Users/Client/Documents/GitHub/article/CellProfiler/E.coli_mono_agarose/1.%20Raw%20Images/1.%20raw%20images/mono_T000009.tif,0,0,0,0,0,0,0,0,0,0,0,0,0,0,0,0,C:\Users\Client\Documents\GitHub\article\CellProfiler\E.coli_mono_agarose\1. Raw Images\1. raw images,Done,255,0,0.1809842109680176,0.4330032467842102,0.22623026,0.43300325,-10.92935966195392,-8.53348870903843,1.135788043889211,0.021999418392565792,1,3,1,19,file:///C:/Users/Client/Documents/GitHub/article/CellProfiler/E.coli_mono_agarose/1.%20Raw%20Images/1.%20raw%20images/mono_T000009.tif,536
-1,120.0,120.0,120.0,0.0,0.0,0.265625,0.0,0.234375,0.0,0.0,4.578125,0.625,0.703125,0.8125,0.015625,0.515625,1.40625,mono_T000010.tif,0,10,1,1060,10,b'eLvlvNmvsxlNrYM4tRoa6JVkpoGTJsxvwHADuRmUdp1REjGIgUjI4JADMsCWgBK1r6sdADs9nB8=',dabc79b87bc46d360a5a3f3dc7ca1f6d,file:///C:/Users/Client/Documents/GitHub/article/CellProfiler/E.coli_mono_agarose/1.%20Raw%20Images/1.%20raw%20images/mono_T000010.tif,0,0,0,0,0,0,0,0,0,0,0,0,0,0,0,0,C:\Users\Client\Documents\GitHub\article\CellProfiler\E.coli_mono_agarose\1. Raw Images\1. raw images,Done,255,0,0.18062262535095217,0.4338768720626831,0.22577828,0.43387687,-10.845394056130912,-8.381894602885286,1.1414121085769093,0.022611840580164144,0,5,0,18,file:///C:/Users/Client/Documents/GitHub/article/CellProfiler/E.coli_mono_agarose/1.%20Raw%20Images/1.%20raw%20images/mono_T000010.tif,536
-1,114.0,114.0,114.0,0.0,0.0,0.390625,0.0,0.1875,0.0,0.0,4.609375,0.671875,0.671875,0.796875,0.03125,0.453125,1.296875,mono_T000011.tif,0,11,1,1060,11,b'eLvlvNmvsxlNrYM4tRoa6pVkpoGTJsxvwHADuRmUdp1REjGIgUjI4JADMsCWgBK1r6sdADuKnCA=',450932be8ec06821b6ac8c74a8a27899,file:///C:/Users/Client/Documents/GitHub/article/CellProfiler/E.coli_mono_agarose/1.%20Raw%20Images/1.%20raw%20images/mono_T000011.tif,0,0,0,0,0,0,0,0,0,0,0,0,0,0,0,0,C:\Users\Client\Documents\GitHub\article\CellProfiler\E.coli_mono_agarose\1. Raw Images\1. raw images,Done,255,0,0.1822279691696167,0.4301312565803528,0.22778496,0.43013126,-10.976983375816175,-8.579896085498596,1.1533049766771586,0.023571342661081424,0,10,1,15,file:///C:/Users/Client/Documents/GitHub/article/CellProfiler/E.coli_mono_agarose/1.%20Raw%20Images/1.%20raw%20images/mono_T000011.tif,536
-1,118.0,118.0,118.0,0.0,0.0,0.265625,0.0,0.203125,0.015625,0.0,4.484375,0.71875,0.765625,0.765625,0.03125,0.5,1.296875,mono_T000012.tif,0,12,1,1060,12,b'eLvlvNmvsxlNrYM4tRoa6ZVkpoGTJsxvwHADuRmUdp1REjGIgUjI4JADMsCWgBK1r6sdADvXnCE=',3bad89fe13c431a5a39bdda914469083,file:///C:/Users/Client/Documents/GitHub/article/CellProfiler/E.coli_mono_agarose/1.%20Raw%20Images/1.%20raw%20images/mono_T000012.tif,0,0,0,0,0,0,0,0,0,0,0,0,0,0,0,0,C:\Users\Client\Documents\GitHub\article\CellProfiler\E.coli_mono_agarose\1. Raw Images\1. raw images,Done,255,0,0.18391780853271486,0.42926129698753357,0.22989726,0.4292613,-11.12350524234467,-8.570966040616486,1.1561321104704254,0.024575899335913667,4,4,0,21,file:///C:/Users/Client/Documents/GitHub/article/CellProfiler/E.coli_mono_agarose/1.%20Raw%20Images/1.%20raw%20images/mono_T000012.tif,536
-1,110.0,110.0,110.0,0.0,0.0,0.21875,0.0,0.234375,0.0,0.0,4.578125,0.625,0.625,0.734375,0.03125,0.46875,1.375,mono_T000013.tif,0,13,1,1060,13,b'eLvlvNmvsxlNrYM4tRoa65VkpoGTJsxvwHADuRmUdp1REjGIgUjI4JADMsCWgBK1r6sdADwknCI=',bbb9f1bc3089bb5616ae00334333c0f8,file:///C:/Users/Client/Documents/GitHub/article/CellProfiler/E.coli_mono_agarose/1.%20Raw%20Images/1.%20raw%20images/mono_T000013.tif,0,0,0,0,0,0,0,0,0,0,0,0,0,0,0,0,C:\Users\Client\Documents\GitHub\article\CellProfiler\E.coli_mono_agarose\1. Raw Images\1. raw images,Done,255,0,0.1836181879043579,0.4298647344112396,0.22952273,0.42986473,-11.155591304133203,-8.609511142583358,1.1387514336482745,0.025282423083624016,7,6,2,18,file:///C:/Users/Client/Documents/GitHub/article/CellProfiler/E.coli_mono_agarose/1.%20Raw%20Images/1.%20raw%20images/mono_T000013.tif,536
-1,119.0,119.0,119.0,0.0,0.0,0.171875,0.0,0.234375,0.0,0.0,4.40625,0.65625,0.609375,0.71875,0.03125,0.515625,1.296875,mono_T000014.tif,0,14,1,1060,14,b'eLvlvNmvsxlNrYM4tRqa6JVkpoGTJsxvwHADuRmUdp1REjGIgUjI4JADMsCWgBK1r6sdADxxnCM=',a525912bd23715aec3af9b15701f73cb,file:///C:/Users/Client/Documents/GitHub/article/CellProfiler/E.coli_mono_agarose/1.%20Raw%20Images/1.%20raw%20images/mono_T000014.tif,0,0,0,0,0,0,0,0,0,0,0,0,0,0,0,0,C:\Users\Client\Documents\GitHub\article\CellProfiler\E.coli_mono_agarose\1. Raw Images\1. raw images,Done,255,0,0.18693122863769532,0.4315742552280426,0.23366404,0.43157426,-10.954307343492836,-8.440336959251365,1.141766801613882,0.025899733871286978,0,5,6,19,file:///C:/Users/Client/Documents/GitHub/article/CellProfiler/E.coli_mono_agarose/1.%20Raw%20Images/1.%20raw%20images/mono_T000014.tif,536
-1,120.0,120.0,120.0,0.0,0.0,0.296875,0.0,0.21875,0.015625,0.0,4.53125,0.6875,0.609375,0.75,0.03125,0.484375,1.25,mono_T000015.tif,0,15,1,1060,15,b'eLvlvNmvsxlNrYM4tRqa6pVkpoGTJsxvwHADuRmUdp1REjGIgUjI4JADMsCWgBK1r6sdADy+nCQ=',c0ef019783a7fb2650fd320b60b5014f,file:///C:/Users/Client/Documents/GitHub/article/CellProfiler/E.coli_mono_agarose/1.%20Raw%20Images/1.%20raw%20images/mono_T000015.tif,0,0,0,0,0,0,0,0,0,0,0,0,0,0,0,0,C:\Users\Client\Documents\GitHub\article\CellProfiler\E.coli_mono_agarose\1. Raw Images\1. raw images,Done,255,0,0.18660507202148438,0.4318297505378723,0.23325634,0.43182975,-11.116246231482595,-8.211427892871983,1.1468330082049663,0.02640582216757745,3,4,4,21,file:///C:/Users/Client/Documents/GitHub/article/CellProfiler/E.coli_mono_agarose/1.%20Raw%20Images/1.%20raw%20images/mono_T000015.tif,536
-1,120.0,120.0,120.0,0.0,0.0,0.3125,0.0,0.21875,0.015625,0.0,4.390625,0.671875,0.640625,0.796875,0.03125,0.5,1.234375,mono_T000016.tif,0,16,1,1060,16,b'eLvlvNmvsxlNrYM4tRqa6ZVkpoGTJsxvwHADuRmUdp1REjGIgUjI4JADMsCWgBK1r6sdAD0LnCU=',23b1756376a857edb7cf65a7977c1d40,file:///C:/Users/Client/Documents/GitHub/article/CellProfiler/E.coli_mono_agarose/1.%20Raw%20Images/1.%20raw%20images/mono_T000016.tif,0,0,0,0,0,0,0,0,0,0,0,0,0,0,0,0,C:\Users\Client\Documents\GitHub\article\CellProfiler\E.coli_mono_agarose\1. Raw Images\1. raw images,Done,255,0,0.18725666999816895,0.43195152282714844,0.23407084,0.43195152,-11.08230894291938,-8.512577468064267,1.1635488742099347,0.02754262556744568,5,4,2,21,file:///C:/Users/Client/Documents/GitHub/article/CellProfiler/E.coli_mono_agarose/1.%20Raw%20Images/1.%20raw%20images/mono_T000016.tif,536
-1,126.0,126.0,126.0,0.0,0.0,0.15625,0.0,0.21875,0.0,0.0,4.390625,0.6875,0.671875,0.75,0.03125,0.515625,1.234375,mono_T000017.tif,0,17,1,1060,17,b'eLvlvNmvsxlNrYM4tRqa65VkpoGTJsxvwHADuRmUdp1REjGIgUjI4JADMsCWgBK1r6sdAD1YnCY=',a5d18a0e6189ebb30f5db05c09666b13,file:///C:/Users/Client/Documents/GitHub/article/CellProfiler/E.coli_mono_agarose/1.%20Raw%20Images/1.%20raw%20images/mono_T000017.tif,0,0,0,0,0,0,0,0,0,0,0,0,0,0,0,0,C:\Users\Client\Documents\GitHub\article\CellProfiler\E.coli_mono_agarose\1. Raw Images\1. raw images,Done,255,0,0.18766002655029299,0.43109047412872314,0.23457503,0.43109047,-11.083942736104373,-8.546269898907418,1.171214500644148,0.02783309170068399,5,1,5,24,file:///C:/Users/Client/Documents/GitHub/article/CellProfiler/E.coli_mono_agarose/1.%20Raw%20Images/1.%20raw%20images/mono_T000017.tif,536
-1,129.0,129.0,129.0,0.0,0.0,0.265625,0.0,0.25,0.0,0.015625,4.421875,0.640625,0.640625,0.78125,0.03125,0.53125,1.265625,mono_T000018.tif,0,18,1,1060,18,b'eLvlvNmvsxlNrYM4tRpa6JVkpoGTJsxvwHADuRmUdp1REjGIgUjI4JADMsCWgBK1r6sdAD2lnCc=',ddf8be147994d55f9a5f3eb2f783d981,file:///C:/Users/Client/Documents/GitHub/article/CellProfiler/E.coli_mono_agarose/1.%20Raw%20Images/1.%20raw%20images/mono_T000018.tif,0,0,0,0,0,0,0,0,0,0,0,0,0,0,0,0,C:\Users\Client\Documents\GitHub\article\CellProfiler\E.coli_mono_agarose\1. Raw Images\1. raw images,Done,255,0,0.1879823684692383,0.42854827642440796,0.23497796,0.42854828,-11.111897571331205,-8.560978692940475,1.154500082944515,0.02886831550327817,3,9,8,23,file:///C:/Users/Client/Documents/GitHub/article/CellProfiler/E.coli_mono_agarose/1.%20Raw%20Images/1.%20raw%20images/mono_T000018.tif,536
-1,127.0,127.0,127.0,0.0,0.0,0.203125,0.0,0.390625,0.0,0.015625,4.390625,0.625,0.625,0.765625,0.015625,0.53125,1.265625,mono_T000019.tif,0,19,1,1060,19,b'eLvlvNmvsxlNrYM4tRpa6pVkpoGTJsxvwHADuRmUdp1REjGIgUjI4JADMsCWgBK1r6sdAD3ynCg=',dd04045d50c231cdcb94dd19009492ec,file:///C:/Users/Client/Documents/GitHub/article/CellProfiler/E.coli_mono_agarose/1.%20Raw%20Images/1.%20raw%20images/mono_T000019.tif,0,0,0,0,0,0,0,0,0,0,0,0,0,0,0,0,C:\Users\Client\Documents\GitHub\article\CellProfiler\E.coli_mono_agarose\1. Raw Images\1. raw images,Done,255,0,0.1890578269958496,0.42743563652038574,0.23632228,0.42743564,-11.01616338239862,-8.576032826910147,1.1644181404593241,0.02904072113127152,5,4,4,25,file:///C:/Users/Client/Documents/GitHub/article/CellProfiler/E.coli_mono_agarose/1.%20Raw%20Images/1.%20raw%20images/mono_T000019.tif,536
-1,126.0,126.0,126.0,0.0,0.0,0.21875,0.0,0.1875,0.0,0.0,4.46875,0.640625,0.640625,0.734375,0.03125,0.5,1.234375,mono_T000020.tif,0,20,1,1060,20,b'eLvlvNmvsxlNrYM4tRoZ6JVkpoGTJsxvwHADuRmUdp1REjGIgUjI4JADMsCWgBK1r6sdADuLnCA=',d2dac20888dd5ea479b7ffd51cdfe34d,file:///C:/Users/Client/Documents/GitHub/article/CellProfiler/E.coli_mono_agarose/1.%20Raw%20Images/1.%20raw%20images/mono_T000020.tif,0,0,0,0,0,0,0,0,0,0,0,0,0,0,0,0,C:\Users\Client\Documents\GitHub\article\CellProfiler\E.coli_mono_agarose\1. Raw Images\1. raw images,Done,255,0,0.19106422662734987,0.4278278052806854,0.23883028,0.4278278,-11.111749704613228,-8.50589224746294,1.184932317122016,0.03012745410823351,2,7,0,24,file:///C:/Users/Client/Documents/GitHub/article/CellProfiler/E.coli_mono_agarose/1.%20Raw%20Images/1.%20raw%20images/mono_T000020.tif,536
-1,137.0,137.0,137.0,0.0,0.0,0.1875,0.0,0.25,0.0,0.0,4.375,0.640625,0.625,0.765625,0.046875,0.53125,1.265625,mono_T000021.tif,0,21,1,1060,21,b'eLvlvNmvsxlNrYM4tRoZ6pVkpoGTJsxvwHADuRmUdp1REjGIgUjI4JADMsCWgBK1r6sdADvYnCE=',4a9bf35036e20c92cb370a3744f9a861,file:///C:/Users/Client/Documents/GitHub/article/CellProfiler/E.coli_mono_agarose/1.%20Raw%20Images/1.%20raw%20images/mono_T000021.tif,0,0,0,0,0,0,0,0,0,0,0,0,0,0,0,0,C:\Users\Client\Documents\GitHub\article\CellProfiler\E.coli_mono_agarose\1. Raw Images\1. raw images,Done,255,0,0.1905080556869507,0.43139582872390747,0.23813507,0.43139583,-11.130742948926441,-8.479107110158152,1.192687145809157,0.03101299520106366,1,5,4,28,file:///C:/Users/Client/Documents/GitHub/article/CellProfiler/E.coli_mono_agarose/1.%20Raw%20Images/1.%20raw%20images/mono_T000021.tif,536
-1,134.0,134.0,134.0,0.0,0.0,0.25,0.0,0.203125,0.015625,0.0,4.46875,0.65625,0.671875,0.765625,0.03125,0.5,1.265625,mono_T000022.tif,0,22,1,1060,22,b'eLvlvNmvsxlNrYM4tRoZ6ZVkpoGTJsxvwHADuRmUdp1REjGIgUjI4JADMsCWgBK1r6sdADwlnCI=',47bd426fb19166cf0e7d0ca14bd1c030,file:///C:/Users/Client/Documents/GitHub/article/CellProfiler/E.coli_mono_agarose/1.%20Raw%20Images/1.%20raw%20images/mono_T000022.tif,0,0,0,0,0,0,0,0,0,0,0,0,0,0,0,0,C:\Users\Client\Documents\GitHub\article\CellProfiler\E.coli_mono_agarose\1. Raw Images\1. raw images,Done,255,0,0.1907805919647217,0.4286496043205261,0.23847574,0.4286496,-11.035792009577886,-8.567686526386314,1.1864915065758872,0.0316274488152282,3,10,3,28,file:///C:/Users/Client/Documents/GitHub/article/CellProfiler/E.coli_mono_agarose/1.%20Raw%20Images/1.%20raw%20images/mono_T000022.tif,536
-1,148.0,148.0,148.0,0.0,0.0,0.1875,0.0,0.203125,0.0,0.0,4.375,0.65625,0.640625,0.8125,0.03125,0.578125,1.28125,mono_T000023.tif,0,23,1,1060,23,b'eLvlvNmvsxlNrYM4tRoZ65VkpoGTJsxvwHADuRmUdp1REjGIgUjI4JADMsCWgBK1r6sdADxynCM=',68bd0cb542d895d4ece2965d9e763104,file:///C:/Users/Client/Documents/GitHub/article/CellProfiler/E.coli_mono_agarose/1.%20Raw%20Images/1.%20raw%20images/mono_T000023.tif,0,0,0,0,0,0,0,0,0,0,0,0,0,0,0,0,C:\Users\Client\Documents\GitHub\article\CellProfiler\E.coli_mono_agarose\1. Raw Images\1. raw images,Done,255,0,0.19154021739959717,0.4293399453163147,0.23942527,0.42933995,-11.030042940452507,-8.549910608362577,1.1902552520390337,0.03283027279601599,2,4,5,35,file:///C:/Users/Client/Documents/GitHub/article/CellProfiler/E.coli_mono_agarose/1.%20Raw%20Images/1.%20raw%20images/mono_T000023.tif,536
-1,145.0,145.0,145.0,0.0,0.0,0.140625,0.0,0.203125,0.015625,0.0,4.375,0.640625,0.65625,0.78125,0.03125,0.578125,1.265625,mono_T000024.tif,0,24,1,1060,24,b'eLvlvNmvsxlNrYM4tRqZ6JVkpoGTJsxvwHADuRmUdp1REjGIgUjI4JADMsCWgBK1r6sdADy/nCQ=',2609bbbb80f5b19bd57f72bb57328cc9,file:///C:/Users/Client/Documents/GitHub/article/CellProfiler/E.coli_mono_agarose/1.%20Raw%20Images/1.%20raw%20images/mono_T000024.tif,0,0,0,0,0,0,0,0,0,0,0,0,0,0,0,0,C:\Users\Client\Documents\GitHub\article\CellProfiler\E.coli_mono_agarose\1. Raw Images\1. raw images,Done,255,0,0.19555490016937258,0.4281712472438812,0.24444363,0.42817125,-11.014984412322509,-8.593803150705352,1.2100362528720308,0.033583207228508515,1,12,2,30,file:///C:/Users/Client/Documents/GitHub/article/CellProfiler/E.coli_mono_agarose/1.%20Raw%20Images/1.%20raw%20images/mono_T000024.tif,536
-1,155.0,155.0,155.0,0.0,0.0,0.234375,0.0,0.203125,0.015625,0.0,4.484375,0.671875,0.640625,0.8125,0.03125,0.59375,1.265625,mono_T000025.tif,0,25,1,1060,25,b'eLvlvNmvsxlNrYM4tRqZ6pVkpoGTJsxvwHADuRmUdp1REjGIgUjI4JADMsCWgBK1r6sdAD0MnCU=',bac684d59ef76ca6d3d9745b011c8dc4,file:///C:/Users/Client/Documents/GitHub/article/CellProfiler/E.coli_mono_agarose/1.%20Raw%20Images/1.%20raw%20images/mono_T000025.tif,0,0,0,0,0,0,0,0,0,0,0,0,0,0,0,0,C:\Users\Client\Documents\GitHub\article\CellProfiler\E.coli_mono_agarose\1. Raw Images\1. raw images,Done,255,0,0.1934532642364502,0.42628276348114014,0.24181658,0.42628276,-11.116467575598453,-8.567571354750092,1.2091432511599556,0.03428108711461808,2,6,1,38,file:///C:/Users/Client/Documents/GitHub/article/CellProfiler/E.coli_mono_agarose/1.%20Raw%20Images/1.%20raw%20images/mono_T000025.tif,536
-1,156.0,156.0,156.0,0.0,0.0,0.1875,0.0,0.21875,0.0,0.015625,4.375,0.671875,0.65625,0.796875,0.03125,0.609375,1.25,mono_T000026.tif,0,26,1,1060,26,b'eLvlvNmvsxlNrYM4tRqZ6ZVkpoGTJsxvwHADuRmUdp1REjGIgUjI4JADMsCWgBK1r6sdAD1ZnCY=',9d973eec27ee824333e95811f0ce7fc9,file:///C:/Users/Client/Documents/GitHub/article/CellProfiler/E.coli_mono_agarose/1.%20Raw%20Images/1.%20raw%20images/mono_T000026.tif,0,0,0,0,0,0,0,0,0,0,0,0,0,0,0,0,C:\Users\Client\Documents\GitHub\article\CellProfiler\E.coli_mono_agarose\1. Raw Images\1. raw images,Done,255,0,0.19389488697052004,0.42448848485946655,0.24236861,0.42448848,-11.2199521567853,-8.655041271892102,1.227038309435979,0.034738760495169434,3,9,3,36,file:///C:/Users/Client/Documents/GitHub/article/CellProfiler/E.coli_mono_agarose/1.%20Raw%20Images/1.%20raw%20images/mono_T000026.tif,536
-1,141.0,141.0,141.0,0.0,0.0,0.265625,0.0,0.40625,0.0,0.0,4.640625,0.640625,0.640625,0.78125,0.03125,0.578125,1.25,mono_T000027.tif,0,27,1,1060,27,b'eLvlvNmvsxlNrYM4tRqZ65VkpoGTJsxvwHADuRmUdp1REjGIgUjI4JADMsCWgBK1r6sdAD2mnCc=',c1e913488c12bce738554084556e8e4c,file:///C:/Users/Client/Documents/GitHub/article/CellProfiler/E.coli_mono_agarose/1.%20Raw%20Images/1.%20raw%20images/mono_T000027.tif,0,0,0,0,0,0,0,0,0,0,0,0,0,0,0,0,C:\Users\Client\Documents\GitHub\article\CellProfiler\E.coli_mono_agarose\1. Raw Images\1. raw images,Done,255,0,0.1953131914138794,0.4271266460418701,0.24414149,0.42712665,-11.219825297558618,-8.704841885630811,1.2356854248519171,0.0348422044329896,2,18,3,35,file:///C:/Users/Client/Documents/GitHub/article/CellProfiler/E.coli_mono_agarose/1.%20Raw%20Images/1.%20raw%20images/mono_T000027.tif,536
-1,140.0,140.0,140.0,0.0,0.0,0.25,0.0,0.265625,0.0,0.0,4.4375,0.671875,0.625,0.84375,0.03125,0.59375,1.25,mono_T000028.tif,0,28,1,1060,28,b'eLvlvNmvsxlNrYM4tRpZ6JVkpoGTJsxvwHADuRmUdp1REjGIgUjI4JADMsCWgBK1r6sdAD3znCg=',d6b7b7c219d2b98629c9f29792805443,file:///C:/Users/Client/Documents/GitHub/article/CellProfiler/E.coli_mono_agarose/1.%20Raw%20Images/1.%20raw%20images/mono_T000028.tif,0,0,0,0,0,0,0,0,0,0,0,0,0,0,0,0,C:\Users\Client\Documents\GitHub\article\CellProfiler\E.coli_mono_agarose\1. Raw Images\1. raw images,Done,255,0,0.19498683214187623,0.4242796301841736,0.24373354,0.42427963,-11.200217397353391,-8.707010815081073,1.2335905524703508,0.03514245188679893,3,12,1,40,file:///C:/Users/Client/Documents/GitHub/article/CellProfiler/E.coli_mono_agarose/1.%20Raw%20Images/1.%20raw%20images/mono_T000028.tif,536
-1,147.0,147.0,147.0,0.0,0.0,0.21875,0.0,0.203125,0.015625,0.0,4.46875,0.734375,0.6875,0.796875,0.03125,0.578125,1.3125,mono_T000029.tif,0,29,1,1060,29,b'eLvlvNmvsxlNrYM4tRpZ6pVkpoGTJsxvwHADuRmUdp1REjGIgUjI4JADMsCWgBK1r6sdAD5AnCk=',33928a4c9493bd693a95d47d47c12858,file:///C:/Users/Client/Documents/GitHub/article/CellProfiler/E.coli_mono_agarose/1.%20Raw%20Images/1.%20raw%20images/mono_T000029.tif,0,0,0,0,0,0,0,0,0,0,0,0,0,0,0,0,C:\Users\Client\Documents\GitHub\article\CellProfiler\E.coli_mono_agarose\1. Raw Images\1. raw images,Done,255,0,0.19571573734283448,0.4236981272697449,0.24464467,0.42369813,-11.218632091154031,-8.813868727549352,1.233139182896212,0.03602125836469475,1,9,4,39,file:///C:/Users/Client/Documents/GitHub/article/CellProfiler/E.coli_mono_agarose/1.%20Raw%20Images/1.%20raw%20images/mono_T000029.tif,536
-1,157.0,157.0,157.0,0.0,0.0,0.171875,0.0,0.21875,0.015625,0.0,4.34375,0.65625,0.625,0.796875,0.03125,0.625,1.25,mono_T000030.tif,0,30,1,1060,30,b'eLvlvNmvsxlNrYM4tRob6JVkpoGTJsxvwHADuRmUdp1REjGIgUjI4JADMsCWgBK1r6sdADvZnCE=',fa56710f1ecb0aac47aa053fe87b6d33,file:///C:/Users/Client/Documents/GitHub/article/CellProfiler/E.coli_mono_agarose/1.%20Raw%20Images/1.%20raw%20images/mono_T000030.tif,0,0,0,0,0,0,0,0,0,0,0,0,0,0,0,0,C:\Users\Client\Documents\GitHub\article\CellProfiler\E.coli_mono_agarose\1. Raw Images\1. raw images,Done,255,0,0.19508512020111085,0.4242197275161743,0.2438564,0.42421973,-11.23623361545288,-7.367465082980747,1.2359219679905569,0.03686689961369466,3,11,5,43,file:///C:/Users/Client/Documents/GitHub/article/CellProfiler/E.coli_mono_agarose/1.%20Raw%20Images/1.%20raw%20images/mono_T000030.tif,536
-1,162.0,162.0,162.0,0.0,0.0,0.234375,0.0,0.21875,0.0,0.0,4.375,0.65625,0.6875,0.8125,0.03125,0.671875,1.28125,mono_T000031.tif,0,31,1,1060,31,b'eLvlvNmvsxlNrYM4tRob6pVkpoGTJsxvwHADuRmUdp1REjGIgUjI4JADMsCWgBK1r6sdADwmnCI=',71841bde934555721fa4ae100a4f9983,file:///C:/Users/Client/Documents/GitHub/article/CellProfiler/E.coli_mono_agarose/1.%20Raw%20Images/1.%20raw%20images/mono_T000031.tif,0,0,0,0,0,0,0,0,0,0,0,0,0,0,0,0,C:\Users\Client\Documents\GitHub\article\CellProfiler\E.coli_mono_agarose\1. Raw Images\1. raw images,Done,255,0,0.1980969548225403,0.4247184693813324,0.2476212,0.42471847,-11.09243630156082,-7.075703652976474,1.2358959643621998,0.037834752018101395,2,12,5,48,file:///C:/Users/Client/Documents/GitHub/article/CellProfiler/E.coli_mono_agarose/1.%20Raw%20Images/1.%20raw%20images/mono_T000031.tif,536
-1,164.0,164.0,164.0,0.0,0.0,0.1875,0.0,0.203125,0.0,0.0,4.40625,0.65625,0.640625,0.8125,0.015625,0.65625,1.25,mono_T000032.tif,0,32,1,1060,32,b'eLvlvNmvsxlNrYM4tRob6ZVkpoGTJsxvwHADuRmUdp1REjGIgUjI4JADMsCWgBK1r6sdADxznCM=',eb3e232be101c6dd5d4a73661ab3f6e8,file:///C:/Users/Client/Documents/GitHub/article/CellProfiler/E.coli_mono_agarose/1.%20Raw%20Images/1.%20raw%20images/mono_T000032.tif,0,0,0,0,0,0,0,0,0,0,0,0,0,0,0,0,C:\Users\Client\Documents\GitHub\article\CellProfiler\E.coli_mono_agarose\1. Raw Images\1. raw images,Done,255,0,0.19903197288513186,0.4266424775123596,0.24878997,0.42664248,-11.106949856399456,-7.090710729445643,1.2457131819115017,0.03841182280189437,5,13,1,48,file:///C:/Users/Client/Documents/GitHub/article/CellProfiler/E.coli_mono_agarose/1.%20Raw%20Images/1.%20raw%20images/mono_T000032.tif,536
-1,171.0,171.0,171.0,0.0,0.0,0.15625,0.0,0.234375,0.0,0.0,4.4375,0.703125,0.671875,0.890625,0.03125,0.6875,1.296875,mono_T000033.tif,0,33,1,1060,33,b'eLvlvNmvsxlNrYM4tRob65VkpoGTJsxvwHADuRmUdp1REjGIgUjI4JADMsCWgBK1r6sdADzAnCQ=',5a0eba48d89c687f9555b96412b097e8,file:///C:/Users/Client/Documents/GitHub/article/CellProfiler/E.coli_mono_agarose/1.%20Raw%20Images/1.%20raw%20images/mono_T000033.tif,0,0,0,0,0,0,0,0,0,0,0,0,0,0,0,0,C:\Users\Client\Documents\GitHub\article\CellProfiler\E.coli_mono_agarose\1. Raw Images\1. raw images,Done,255,0,0.19970951080322266,0.42467159032821655,0.24963689,0.4246716,-11.288700616770653,-7.7318902695016485,1.2534641943130667,0.04075492224889466,3,15,4,53,file:///C:/Users/Client/Documents/GitHub/article/CellProfiler/E.coli_mono_agarose/1.%20Raw%20Images/1.%20raw%20images/mono_T000033.tif,536
-1,182.0,182.0,182.0,0.0,0.0,0.21875,0.0,0.21875,0.0,0.0,4.390625,0.640625,0.640625,0.90625,0.046875,0.671875,1.328125,mono_T000034.tif,0,34,1,1060,34,b'eLvlvNmvsxlNrYM4tRqb6JVkpoGTJsxvwHADuRmUdp1REjGIgUjI4JADMsCWgBK1r6sdAD0NnCU=',7b114c2e4616498a3ea217ee6ffdbb45,file:///C:/Users/Client/Documents/GitHub/article/CellProfiler/E.coli_mono_agarose/1.%20Raw%20Images/1.%20raw%20images/mono_T000034.tif,0,0,0,0,0,0,0,0,0,0,0,0,0,0,0,0,C:\Users\Client\Documents\GitHub\article\CellProfiler\E.coli_mono_agarose\1. Raw Images\1. raw images,Done,255,0,0.20107905864715578,0.42391371726989746,0.25134882,0.42391372,-11.16057697978244,-7.715600530788648,1.2413296111857546,0.04181973293013003,3,10,3,56,file:///C:/Users/Client/Documents/GitHub/article/CellProfiler/E.coli_mono_agarose/1.%20Raw%20Images/1.%20raw%20images/mono_T000034.tif,536
-1,177.0,177.0,177.0,0.0,0.0,0.28125,0.0,0.21875,0.015625,0.0,4.484375,0.671875,0.65625,0.859375,0.015625,0.65625,1.28125,mono_T000035.tif,0,35,1,1060,35,b'eLvlvNmvsxlNrYM4tRqb6pVkpoGTJsxvwHADuRmUdp1REjGIgUjI4JADMsCWgBK1r6sdAD1anCY=',0b0ad519e7099506562daf848c482eb6,file:///C:/Users/Client/Documents/GitHub/article/CellProfiler/E.coli_mono_agarose/1.%20Raw%20Images/1.%20raw%20images/mono_T000035.tif,0,0,0,0,0,0,0,0,0,0,0,0,0,0,0,0,C:\Users\Client\Documents\GitHub\article\CellProfiler\E.coli_mono_agarose\1. Raw Images\1. raw images,Done,255,0,0.20229506492614746,0.42351090908050537,0.25286883,0.4235109,-11.102829793958854,-7.817255810212316,1.2748491641857629,0.04244211257981363,5,15,5,55,file:///C:/Users/Client/Documents/GitHub/article/CellProfiler/E.coli_mono_agarose/1.%20Raw%20Images/1.%20raw%20images/mono_T000035.tif,536
-1,183.0,183.0,183.0,0.0,0.0,0.1875,0.0,0.203125,0.0,0.0,4.4375,0.671875,0.65625,0.859375,0.03125,0.71875,1.3125,mono_T000036.tif,0,36,1,1060,36,b'eLvlvNmvsxlNrYM4tRqb6ZVkpoGTJsxvwHADuRmUdp1REjGIgUjI4JADMsCWgBK1r6sdAD2nnCc=',bef2407bc7f748da5478151a7b4cbda0,file:///C:/Users/Client/Documents/GitHub/article/CellProfiler/E.coli_mono_agarose/1.%20Raw%20Images/1.%20raw%20images/mono_T000036.tif,0,0,0,0,0,0,0,0,0,0,0,0,0,0,0,0,C:\Users\Client\Documents\GitHub\article\CellProfiler\E.coli_mono_agarose\1. Raw Images\1. raw images,Done,255,0,0.20662484169006348,0.42351171374320984,0.25828105,0.4235117,-11.234015813213727,-7.967704057750897,1.2668153308653247,0.04365428818529563,5,11,1,59,file:///C:/Users/Client/Documents/GitHub/article/CellProfiler/E.coli_mono_agarose/1.%20Raw%20Images/1.%20raw%20images/mono_T000036.tif,536
-1,188.0,188.0,188.0,0.0,0.0,0.359375,0.0,0.21875,0.015625,0.0,4.5625,0.671875,0.671875,0.890625,0.03125,0.71875,1.296875,mono_T000037.tif,0,37,1,1060,37,b'eLvlvNmvsxlNrYM4tRqb65VkpoGTJsxvwHADuRmUdp1REjGIgUjI4JADMsCWgBK1r6sdAD30nCg=',73156a7e13961f34d712199dcfc29d65,file:///C:/Users/Client/Documents/GitHub/article/CellProfiler/E.coli_mono_agarose/1.%20Raw%20Images/1.%20raw%20images/mono_T000037.tif,0,0,0,0,0,0,0,0,0,0,0,0,0,0,0,0,C:\Users\Client\Documents\GitHub\article\CellProfiler\E.coli_mono_agarose\1. Raw Images\1. raw images,Done,255,0,0.20426478385925295,0.42251384258270264,0.25533098,0.42251384,-11.119388389916367,-7.649702031124233,1.293549370234798,0.043860448715079,3,14,2,55,file:///C:/Users/Client/Documents/GitHub/article/CellProfiler/E.coli_mono_agarose/1.%20Raw%20Images/1.%20raw%20images/mono_T000037.tif,536
-1,196.0,196.0,196.0,0.0,0.0,0.21875,0.0,0.21875,0.0,0.015625,4.53125,0.703125,0.671875,0.90625,0.03125,0.796875,1.34375,mono_T000038.tif,0,38,1,1060,38,b'eLvlvNmvsxlNrYM4tRpb6JVkpoGTJsxvwHADuRmUdp1REjGIgUjI4JADMsCWgBK1r6sdAD5BnCk=',b12aabf9875efaae79af43e5dadc8e56,file:///C:/Users/Client/Documents/GitHub/article/CellProfiler/E.coli_mono_agarose/1.%20Raw%20Images/1.%20raw%20images/mono_T000038.tif,0,0,0,0,0,0,0,0,0,0,0,0,0,0,0,0,C:\Users\Client\Documents\GitHub\article\CellProfiler\E.coli_mono_agarose\1. Raw Images\1. raw images,Done,255,0,0.20494353771209717,0.4230140447616577,0.25617942,0.42301404,-11.151457298996583,-7.871281078632124,1.3132406677286632,0.04491360451317605,1,10,3,59,file:///C:/Users/Client/Documents/GitHub/article/CellProfiler/E.coli_mono_agarose/1.%20Raw%20Images/1.%20raw%20images/mono_T000038.tif,536
-1,190.0,190.0,190.0,0.0,0.0,0.21875,0.0,0.25,0.0,0.0,5.09375,0.71875,0.828125,1.109375,0.03125,0.90625,1.453125,mono_T000039.tif,0,39,1,1060,39,b'eLvlvNmvsxlNrYM4tRpb6pVkpoGTJsxvwHADuRmUdp1REjGIgUjI4JADMsCWgBK1r6sdAD6OnCo=',1f2ac5d0ab373b3646e46653cb732320,file:///C:/Users/Client/Documents/GitHub/article/CellProfiler/E.coli_mono_agarose/1.%20Raw%20Images/1.%20raw%20images/mono_T000039.tif,0,0,0,0,0,0,0,0,0,0,0,0,0,0,0,0,C:\Users\Client\Documents\GitHub\article\CellProfiler\E.coli_mono_agarose\1. Raw Images\1. raw images,Done,255,0,0.20449752807617189,0.42289990186691284,0.2556219,0.4228999,-11.155044786302962,-7.894322199948492,1.310775668492792,0.04619142575994904,2,17,1,55,file:///C:/Users/Client/Documents/GitHub/article/CellProfiler/E.coli_mono_agarose/1.%20Raw%20Images/1.%20raw%20images/mono_T000039.tif,536
-1,197.0,197.0,197.0,0.0,0.0,0.15625,0.0,0.234375,0.0,0.015625,5.109375,0.765625,0.671875,1.046875,0.03125,0.96875,1.421875,mono_T000040.tif,0,40,1,1060,40,b'eLvlvNmvsxlNrYM4tZoY6JVkpoGTJsxvwHADuRmUdp1REjGIgUjI4JADMsCWgBK1r6sdADwnnCI=',af93717f8fe163090a3ef940d1f07b16,file:///C:/Users/Client/Documents/GitHub/article/CellProfiler/E.coli_mono_agarose/1.%20Raw%20Images/1.%20raw%20images/mono_T000040.tif,0,0,0,0,0,0,0,0,0,0,0,0,0,0,0,0,C:\Users\Client\Documents\GitHub\article\CellProfiler\E.coli_mono_agarose\1. Raw Images\1. raw images,Done,255,0,0.20623035430908204,0.4259749948978424,0.25778794,0.425975,-11.243839309544878,-7.901757200605736,1.3061255380336874,0.04691791967321792,3,14,3,61,file:///C:/Users/Client/Documents/GitHub/article/CellProfiler/E.coli_mono_agarose/1.%20Raw%20Images/1.%20raw%20images/mono_T000040.tif,536
-1,192.0,192.0,192.0,0.0,0.0,0.25,0.0,0.25,0.0,0.0,4.75,0.65625,0.703125,0.953125,0.03125,0.71875,1.234375,mono_T000041.tif,0,41,1,1060,41,b'eLvlvNmvsxlNrYM4tZoY6pVkpoGTJsxvwHADuRmUdp1REjGIgUjI4JADMsCWgBK1r6sdADx0nCM=',6700499ce283fb87d539c513a50e007d,file:///C:/Users/Client/Documents/GitHub/article/CellProfiler/E.coli_mono_agarose/1.%20Raw%20Images/1.%20raw%20images/mono_T000041.tif,0,0,0,0,0,0,0,0,0,0,0,0,0,0,0,0,C:\Users\Client\Documents\GitHub\article\CellProfiler\E.coli_mono_agarose\1. Raw Images\1. raw images,Done,255,0,0.20749340057373047,0.4244741201400757,0.25936675,0.42447412,-11.28890880570285,-7.612122658201755,1.308595823248577,0.04809813962791205,3,15,6,53,file:///C:/Users/Client/Documents/GitHub/article/CellProfiler/E.coli_mono_agarose/1.%20Raw%20Images/1.%20raw%20images/mono_T000041.tif,536
-1,198.0,198.0,198.0,0.0,0.0,0.1875,0.0,0.21875,0.0,0.0,4.59375,0.6875,0.671875,0.96875,0.03125,0.734375,1.296875,mono_T000042.tif,0,42,1,1060,42,b'eLvlvNmvsxlNrYM4tZoY6ZVkpoGTJsxvwHADuRmUdp1REjGIgUjI4JADMsCWgBK1r6sdADzBnCQ=',4d6b45d4b9ee9a527b9b0f78aa603ee7,file:///C:/Users/Client/Documents/GitHub/article/CellProfiler/E.coli_mono_agarose/1.%20Raw%20Images/1.%20raw%20images/mono_T000042.tif,0,0,0,0,0,0,0,0,0,0,0,0,0,0,0,0,C:\Users\Client\Documents\GitHub\article\CellProfiler\E.coli_mono_agarose\1. Raw Images\1. raw images,Done,255,0,0.21057481765747071,0.42460310459136963,0.26321852,0.4246031,-11.260673291164874,-7.6674160321935085,1.3172017589104983,0.04934797930822717,5,15,9,51,file:///C:/Users/Client/Documents/GitHub/article/CellProfiler/E.coli_mono_agarose/1.%20Raw%20Images/1.%20raw%20images/mono_T000042.tif,536
-1,205.0,205.0,205.0,0.0,0.0,0.21875,0.0,0.25,0.0,0.0,4.421875,0.6875,0.65625,0.90625,0.03125,0.765625,1.234375,mono_T000043.tif,0,43,1,1060,43,b'eLvlvNmvsxlNrYM4tZoY65VkpoGTJsxvwHADuRmUdp1REjGIgUjI4JADMsCWgBK1r6sdAD0OnCU=',e2735a91da569f105d24a864cf16e40f,file:///C:/Users/Client/Documents/GitHub/article/CellProfiler/E.coli_mono_agarose/1.%20Raw%20Images/1.%20raw%20images/mono_T000043.tif,0,0,0,0,0,0,0,0,0,0,0,0,0,0,0,0,C:\Users\Client\Documents\GitHub\article\CellProfiler\E.coli_mono_agarose\1. Raw Images\1. raw images,Done,255,0,0.2082070827484131,0.4244598150253296,0.26025885,0.42445982,-11.148079643583593,-7.702456574254217,1.3359100498705452,0.050283300625204926,6,15,7,52,file:///C:/Users/Client/Documents/GitHub/article/CellProfiler/E.coli_mono_agarose/1.%20Raw%20Images/1.%20raw%20images/mono_T000043.tif,536
-1,223.0,223.0,223.0,0.0,0.0,0.21875,0.0,0.203125,0.015625,0.0,4.515625,0.640625,0.6875,1.046875,0.046875,0.875,1.328125,mono_T000044.tif,0,44,1,1060,44,b'eLvlvNmvsxlNrYM4tZqY6JVkpoGTJsxvwHADuRmUdp1REjGIgUjI4JADMsCWgBK1r6sdAD1bnCY=',88053e09dec0fa1263f865171599e9e5,file:///C:/Users/Client/Documents/GitHub/article/CellProfiler/E.coli_mono_agarose/1.%20Raw%20Images/1.%20raw%20images/mono_T000044.tif,0,0,0,0,0,0,0,0,0,0,0,0,0,0,0,0,C:\Users\Client\Documents\GitHub\article\CellProfiler\E.coli_mono_agarose\1. Raw Images\1. raw images,Done,255,0,0.2106029272079468,0.42200636863708496,0.26325366,0.42200637,-11.273454011082285,-7.314347162738706,1.3517789873025836,0.053351184851528316,20,53,32,43,file:///C:/Users/Client/Documents/GitHub/article/CellProfiler/E.coli_mono_agarose/1.%20Raw%20Images/1.%20raw%20images/mono_T000044.tif,536
-1,215.0,215.0,215.0,0.0,0.0,0.265625,0.0,0.21875,0.015625,0.0,4.578125,0.703125,0.671875,0.96875,0.03125,0.8125,1.296875,mono_T000045.tif,0,45,1,1060,45,b'eLvlvNmvsxlNrYM4tZqY6pVkpoGTJsxvwHADuRmUdp1REjGIgUjI4JADMsCWgBK1r6sdAD2onCc=',b9e74ccdf4dbe9707117082b23e66b86,file:///C:/Users/Client/Documents/GitHub/article/CellProfiler/E.coli_mono_agarose/1.%20Raw%20Images/1.%20raw%20images/mono_T000045.tif,0,0,0,0,0,0,0,0,0,0,0,0,0,0,0,0,C:\Users\Client\Documents\GitHub\article\CellProfiler\E.coli_mono_agarose\1. Raw Images\1. raw images,Done,255,0,0.2122067928314209,0.4210006892681122,0.2652585,0.4210007,-11.26380357143595,-7.942204678670036,1.35418851822793,0.05443570876477789,3,25,4,44,file:///C:/Users/Client/Documents/GitHub/article/CellProfiler/E.coli_mono_agarose/1.%20Raw%20Images/1.%20raw%20images/mono_T000045.tif,536
-1,224.0,224.0,224.0,0.0,0.0,0.203125,0.0,0.203125,0.015625,0.0,4.484375,0.6875,0.6875,0.984375,0.03125,0.890625,1.3125,mono_T000046.tif,0,46,1,1060,46,b'eLvlvNmvsxlNrYM4tZqY6ZVkpoGTJsxvwHADuRmUdp1REjGIgUjI4JADMsCWgBK1r6sdAD31nCg=',bfe452e570d2e846871517b224017eba,file:///C:/Users/Client/Documents/GitHub/article/CellProfiler/E.coli_mono_agarose/1.%20Raw%20Images/1.%20raw%20images/mono_T000046.tif,0,0,0,0,0,0,0,0,0,0,0,0,0,0,0,0,C:\Users\Client\Documents\GitHub\article\CellProfiler\E.coli_mono_agarose\1. Raw Images\1. raw images,Done,255,0,0.20856375694274903,0.4234943985939026,0.2607047,0.4234944,-11.29503062955542,-8.224276975987314,1.3675052970363641,0.05594110767646631,6,14,3,47,file:///C:/Users/Client/Documents/GitHub/article/CellProfiler/E.coli_mono_agarose/1.%20Raw%20Images/1.%20raw%20images/mono_T000046.tif,536
-1,222.0,222.0,222.0,0.0,0.0,0.203125,0.0,0.21875,0.015625,0.0,4.53125,0.671875,0.671875,0.953125,0.015625,0.8125,1.296875,mono_T000047.tif,0,47,1,1060,47,b'eLvlvNmvsxlNrYM4tZqY65VkpoGTJsxvwHADuRmUdp1REjGIgUjI4JADMsCWgBK1r6sdAD5CnCk=',f61a8b0f5d9e331fc31f4c4d15a23888,file:///C:/Users/Client/Documents/GitHub/article/CellProfiler/E.coli_mono_agarose/1.%20Raw%20Images/1.%20raw%20images/mono_T000047.tif,0,0,0,0,0,0,0,0,0,0,0,0,0,0,0,0,C:\Users\Client\Documents\GitHub\article\CellProfiler\E.coli_mono_agarose\1. Raw Images\1. raw images,Done,255,0,0.20694165229797365,0.42077475786209106,0.25867707,0.42077476,-11.28569132658047,-8.214838378048372,1.3651546558552095,0.05694057130428166,0,24,3,46,file:///C:/Users/Client/Documents/GitHub/article/CellProfiler/E.coli_mono_agarose/1.%20Raw%20Images/1.%20raw%20images/mono_T000047.tif,536
-1,244.0,244.0,244.0,0.0,0.0,0.15625,0.0,0.203125,0.015625,0.0,4.5,0.734375,0.6875,1.0,0.03125,0.9375,1.34375,mono_T000048.tif,0,48,1,1060,48,b'eLvlvNmvsxlNrYM4tZpY6JVkpoGTJsxvwHADuRmUdp1REjGIgUjI4JADMsCWgBK1r6sdAD6PnCo=',3c618050cdac638c2735e6e7f3ca060e,file:///C:/Users/Client/Documents/GitHub/article/CellProfiler/E.coli_mono_agarose/1.%20Raw%20Images/1.%20raw%20images/mono_T000048.tif,0,0,0,0,0,0,0,0,0,0,0,0,0,0,0,0,C:\Users\Client\Documents\GitHub\article\CellProfiler\E.coli_mono_agarose\1. Raw Images\1. raw images,Done,255,0,0.20570216178894044,0.4242807626724243,0.2571277,0.42428076,-11.32443836314296,-8.174045214931628,1.3605540304259305,0.05850144171185363,1,22,4,53,file:///C:/Users/Client/Documents/GitHub/article/CellProfiler/E.coli_mono_agarose/1.%20Raw%20Images/1.%20raw%20images/mono_T000048.tif,536
-1,226.0,226.0,226.0,0.0,0.0,0.171875,0.0,0.234375,0.015625,0.0,4.609375,0.671875,0.6875,1.0,0.03125,0.890625,1.34375,mono_T000049.tif,0,49,1,1060,49,b'eLvlvNmvsxlNrYM4tZpY6pVkpoGTJsxvwHADuRmUdp1REjGIgUjI4JADMsCWgBK1r6sdAD7cnCs=',b6d624555bef84bacc224f5124d73183,file:///C:/Users/Client/Documents/GitHub/article/CellProfiler/E.coli_mono_agarose/1.%20Raw%20Images/1.%20raw%20images/mono_T000049.tif,0,0,0,0,0,0,0,0,0,0,0,0,0,0,0,0,C:\Users\Client\Documents\GitHub\article\CellProfiler\E.coli_mono_agarose\1. Raw Images\1. raw images,Done,255,0,0.20790953636169435,0.4232412576675415,0.25988692,0.42324126,-11.327070770758155,-8.344617990687336,1.386988864181932,0.05885327188298106,8,26,2,51,file:///C:/Users/Client/Documents/GitHub/article/CellProfiler/E.coli_mono_agarose/1.%20Raw%20Images/1.%20raw%20images/mono_T000049.tif,536
-1,249.0,249.0,249.0,0.0,0.0,0.171875,0.0,0.234375,0.0,0.015625,4.640625,0.65625,0.6875,1.046875,0.03125,0.984375,1.359375,mono_T000050.tif,0,50,1,1060,50,b'eLvlvNmvsxlNrYM4tZoa6JVkpoGTJsxvwHADuRmUdp1REjGIgUjI4JADMsCWgBK1r6sdADx1nCM=',3fbc3a4a59d694afe0afada4333f292d,file:///C:/Users/Client/Documents/GitHub/article/CellProfiler/E.coli_mono_agarose/1.%20Raw%20Images/1.%20raw%20images/mono_T000050.tif,0,0,0,0,0,0,0,0,0,0,0,0,0,0,0,0,C:\Users\Client\Documents\GitHub\article\CellProfiler\E.coli_mono_agarose\1. Raw Images\1. raw images,Done,255,0,0.20968444347381593,0.4212340712547302,0.26210555,0.42123407,-11.34733618489934,-8.460148665361828,1.3839266283263856,0.05997086250753268,5,17,9,50,file:///C:/Users/Client/Documents/GitHub/article/CellProfiler/E.coli_mono_agarose/1.%20Raw%20Images/1.%20raw%20images/mono_T000050.tif,536
-1,248.0,248.0,248.0,0.0,0.0,0.203125,0.0,0.234375,0.0,0.0,4.625,0.734375,0.734375,1.046875,0.03125,0.921875,1.28125,mono_T000051.tif,0,51,1,1060,51,b'eLvlvNmvsxlNrYM4tZoa6pVkpoGTJsxvwHADuRmUdp1REjGIgUjI4JADMsCWgBK1r6sdADzCnCQ=',03caf180991d40dd49700dfd342796ee,file:///C:/Users/Client/Documents/GitHub/article/CellProfiler/E.coli_mono_agarose/1.%20Raw%20Images/1.%20raw%20images/mono_T000051.tif,0,0,0,0,0,0,0,0,0,0,0,0,0,0,0,0,C:\Users\Client\Documents\GitHub\article\CellProfiler\E.coli_mono_agarose\1. Raw Images\1. raw images,Done,255,0,0.20722012519836427,0.42105770111083984,0.25902516,0.4210577,-11.328574623841611,-8.078091780252318,1.390665651991519,0.06118073226803097,8,18,0,49,file:///C:/Users/Client/Documents/GitHub/article/CellProfiler/E.coli_mono_agarose/1.%20Raw%20Images/1.%20raw%20images/mono_T000051.tif,536
-1,269.0,269.0,269.0,0.0,0.0,0.15625,0.0,0.203125,0.0,0.0,4.5625,0.703125,0.75,1.0625,0.03125,1.015625,1.328125,mono_T000052.tif,0,52,1,1060,52,b'eLvlvNmvsxlNrYM4tZoa6ZVkpoGTJsxvwHADuRmUdp1REjGIgUjI4JADMsCWgBK1r6sdAD0PnCU=',8da6bff53dab43e70e9f255a870ddb8e,file:///C:/Users/Client/Documents/GitHub/article/CellProfiler/E.coli_mono_agarose/1.%20Raw%20Images/1.%20raw%20images/mono_T000052.tif,0,0,0,0,0,0,0,0,0,0,0,0,0,0,0,0,C:\Users\Client\Documents\GitHub\article\CellProfiler\E.coli_mono_agarose\1. Raw Images\1. raw images,Done,255,0,0.20684916973114015,0.4215391278266907,0.25856146,0.42153913,-11.386916741902061,-7.7872059996547005,1.4015472922016483,0.06251288808221184,5,16,7,56,file:///C:/Users/Client/Documents/GitHub/article/CellProfiler/E.coli_mono_agarose/1.%20Raw%20Images/1.%20raw%20images/mono_T000052.tif,536
-1,276.0,276.0,276.0,0.0,0.0,0.265625,0.0,0.21875,0.015625,0.0,4.625,0.71875,0.6875,1.03125,0.03125,1.046875,1.34375,mono_T000053.tif,0,53,1,1060,53,b'eLvlvNmvsxlNrYM4tZoa65VkpoGTJsxvwHADuRmUdp1REjGIgUjI4JADMsCWgBK1r6sdAD1cnCY=',8d509717429b9beeee4d763206cfaf43,file:///C:/Users/Client/Documents/GitHub/article/CellProfiler/E.coli_mono_agarose/1.%20Raw%20Images/1.%20raw%20images/mono_T000053.tif,0,0,0,0,0,0,0,0,0,0,0,0,0,0,0,0,C:\Users\Client\Documents\GitHub\article\CellProfiler\E.coli_mono_agarose\1. Raw Images\1. raw images,Done,255,0,0.20974593162536623,0.42306557297706604,0.2621824,0.42306557,-11.348391599871974,-7.962078522127774,1.4210639721520142,0.06395295470778677,7,19,6,53,file:///C:/Users/Client/Documents/GitHub/article/CellProfiler/E.coli_mono_agarose/1.%20Raw%20Images/1.%20raw%20images/mono_T000053.tif,536
-1,275.0,275.0,275.0,0.0,0.0,0.1875,0.0,0.203125,0.015625,0.0,4.453125,0.671875,0.6875,1.078125,0.03125,1.109375,1.359375,mono_T000054.tif,0,54,1,1060,54,b'eLvlvNmvsxlNrYM4tZqa6JVkpoGTJsxvwHADuRmUdp1REjGIgUjI4JADMsCWgBK1r6sdAD2pnCc=',4c00ff7db5bade5deac18bf04e54d6ab,file:///C:/Users/Client/Documents/GitHub/article/CellProfiler/E.coli_mono_agarose/1.%20Raw%20Images/1.%20raw%20images/mono_T000054.tif,0,0,0,0,0,0,0,0,0,0,0,0,0,0,0,0,C:\Users\Client\Documents\GitHub\article\CellProfiler\E.coli_mono_agarose\1. Raw Images\1. raw images,Done,255,0,0.2072359085083008,0.42149558663368225,0.2590449,0.4214956,-11.410541409764054,-8.077883757933243,1.419585125752148,0.0653327196217841,4,27,5,54,file:///C:/Users/Client/Documents/GitHub/article/CellProfiler/E.coli_mono_agarose/1.%20Raw%20Images/1.%20raw%20images/mono_T000054.tif,536
-1,292.0,292.0,292.0,0.0,0.0,0.234375,0.0,0.234375,0.015625,0.0,4.515625,0.71875,0.859375,1.078125,0.03125,1.0625,1.3125,mono_T000055.tif,0,55,1,1060,55,b'eLvlvNmvsxlNrYM4tZqa6pVkpoGTJsxvwHADuRmUdp1REjGIgUjI4JADMsCWgBK1r6sdAD32nCg=',405f29c317abb7bdb2c60c7ec762a4df,file:///C:/Users/Client/Documents/GitHub/article/CellProfiler/E.coli_mono_agarose/1.%20Raw%20Images/1.%20raw%20images/mono_T000055.tif,0,0,0,0,0,0,0,0,0,0,0,0,0,0,0,0,C:\Users\Client\Documents\GitHub\article\CellProfiler\E.coli_mono_agarose\1. Raw Images\1. raw images,Done,255,0,0.20611367225646973,0.42226141691207886,0.2576421,0.42226142,-11.403091283172355,-7.402547425229644,1.442276586769243,0.06707738681651244,4,29,6,62,file:///C:/Users/Client/Documents/GitHub/article/CellProfiler/E.coli_mono_agarose/1.%20Raw%20Images/1.%20raw%20images/mono_T000055.tif,536
-1,298.0,298.0,298.0,0.0,0.0,0.203125,0.0,0.234375,0.0,0.0,4.640625,0.734375,0.71875,1.234375,0.03125,1.0625,1.34375,mono_T000056.tif,0,56,1,1060,56,b'eLvlvNmvsxlNrYM4tZqa6ZVkpoGTJsxvwHADuRmUdp1REjGIgUjI4JADMsCWgBK1r6sdAD5DnCk=',54cbc44accd927844d855f0bc4968550,file:///C:/Users/Client/Documents/GitHub/article/CellProfiler/E.coli_mono_agarose/1.%20Raw%20Images/1.%20raw%20images/mono_T000056.tif,0,0,0,0,0,0,0,0,0,0,0,0,0,0,0,0,C:\Users\Client\Documents\GitHub\article\CellProfiler\E.coli_mono_agarose\1. Raw Images\1. raw images,Done,255,0,0.20344364643096924,0.4195832908153534,0.25430456,0.4195833,-11.448518363532386,-7.343186488416384,1.4594949733129154,0.06821542845731295,4,28,5,58,file:///C:/Users/Client/Documents/GitHub/article/CellProfiler/E.coli_mono_agarose/1.%20Raw%20Images/1.%20raw%20images/mono_T000056.tif,536
-1,316.0,316.0,316.0,0.0,0.0,0.203125,0.0,0.234375,0.0,0.015625,4.6875,0.6875,0.734375,1.140625,0.03125,1.140625,1.3125,mono_T000057.tif,0,57,1,1060,57,b'eLvlvNmvsxlNrYM4tZqa65VkpoGTJsxvwHADuRmUdp1REjGIgUjI4JADMsCWgBK1r6sdAD6QnCo=',13f0638d4f31fda1cbb8bb22279d043e,file:///C:/Users/Client/Documents/GitHub/article/CellProfiler/E.coli_mono_agarose/1.%20Raw%20Images/1.%20raw%20images/mono_T000057.tif,0,0,0,0,0,0,0,0,0,0,0,0,0,0,0,0,C:\Users\Client\Documents\GitHub\article\CellProfiler\E.coli_mono_agarose\1. Raw Images\1. raw images,Done,255,0,0.20540223121643067,0.4213474988937378,0.2567528,0.4213475,-11.399434905469352,-7.726401965560438,1.4658170594246043,0.06953614216760576,4,25,7,61,file:///C:/Users/Client/Documents/GitHub/article/CellProfiler/E.coli_mono_agarose/1.%20Raw%20Images/1.%20raw%20images/mono_T000057.tif,536
-1,313.0,313.0,313.0,0.0,0.0,0.125,0.0,0.1875,0.0,0.0,4.5,0.6875,0.6875,1.125,0.03125,1.09375,1.296875,mono_T000058.tif,0,58,1,1060,58,b'eLvlvNmvsxlNrYM4tZpa6JVkpoGTJsxvwHADuRmUdp1REjGIgUjI4JADMsCWgBK1r6sdAD7dnCs=',1c42e88927fcea7a3a6e5f54362b76f9,file:///C:/Users/Client/Documents/GitHub/article/CellProfiler/E.coli_mono_agarose/1.%20Raw%20Images/1.%20raw%20images/mono_T000058.tif,0,0,0,0,0,0,0,0,0,0,0,0,0,0,0,0,C:\Users\Client\Documents\GitHub\article\CellProfiler\E.coli_mono_agarose\1. Raw Images\1. raw images,Done,255,0,0.2058278799057007,0.42068731784820557,0.25728485,0.42068732,-11.489137394890484,-7.569965893985186,1.4884073199056744,0.07079816181397729,4,25,1,64,file:///C:/Users/Client/Documents/GitHub/article/CellProfiler/E.coli_mono_agarose/1.%20Raw%20Images/1.%20raw%20images/mono_T000058.tif,536
-1,323.0,323.0,323.0,0.0,0.0,0.203125,0.0,0.203125,0.015625,0.0,4.546875,0.703125,0.6875,1.109375,0.03125,1.171875,1.328125,mono_T000059.tif,0,59,1,1060,59,b'eLvlvNmvsxlNrYM4tZpa6pVkpoGTJsxvwHADuRmUdp1REjGIgUjI4JADMsCWgBK1r6sdAD8qnCw=',948529a1c55a194fa2d0a6b6e5f7cfd1,file:///C:/Users/Client/Documents/GitHub/article/CellProfiler/E.coli_mono_agarose/1.%20Raw%20Images/1.%20raw%20images/mono_T000059.tif,0,0,0,0,0,0,0,0,0,0,0,0,0,0,0,0,C:\Users\Client\Documents\GitHub\article\CellProfiler\E.coli_mono_agarose\1. Raw Images\1. raw images,Done,255,0,0.20567522048950196,0.4229542016983032,0.25709403,0.4229542,-11.521007041932817,-7.846271443430781,1.4936215478671446,0.07388758917375503,5,32,5,64,file:///C:/Users/Client/Documents/GitHub/article/CellProfiler/E.coli_mono_agarose/1.%20Raw%20Images/1.%20raw%20images/mono_T000059.tif,536
-1,319.0,319.0,319.0,0.0,0.0,0.21875,0.0,0.234375,0.0,0.0,4.421875,0.78125,0.6875,1.09375,0.03125,1.109375,1.28125,mono_T000060.tif,0,60,1,1060,60,b'eLvlvNmvsxlNrYM4tZoZ6JVkpoGTJsxvwHADuRmUdp1REjGIgUjI4JADMsCWgBK1r6sdADzDnCQ=',0a98194e45ebf0d0255c2588084fefb7,file:///C:/Users/Client/Documents/GitHub/article/CellProfiler/E.coli_mono_agarose/1.%20Raw%20Images/1.%20raw%20images/mono_T000060.tif,0,0,0,0,0,0,0,0,0,0,0,0,0,0,0,0,C:\Users\Client\Documents\GitHub\article\CellProfiler\E.coli_mono_agarose\1. Raw Images\1. raw images,Done,255,0,0.20886406898498536,0.418701708316803,0.2610801,0.4187017,-11.507302938254128,-8.297523381702316,1.5171315163470593,0.07556001185107591,3,41,6,63,file:///C:/Users/Client/Documents/GitHub/article/CellProfiler/E.coli_mono_agarose/1.%20Raw%20Images/1.%20raw%20images/mono_T000060.tif,536
-1,328.0,328.0,328.0,0.0,0.0,0.21875,0.0,0.25,0.015625,0.0,4.359375,0.671875,0.6875,1.234375,0.03125,1.1875,1.3125,mono_T000061.tif,0,61,1,1060,61,b'eLvlvNmvsxlNrYM4tZoZ6pVkpoGTJsxvwHADuRmUdp1REjGIgUjI4JADMsCWgBK1r6sdAD0QnCU=',33c9c7ff538201c5a662d6c39a6c5d01,file:///C:/Users/Client/Documents/GitHub/article/CellProfiler/E.coli_mono_agarose/1.%20Raw%20Images/1.%20raw%20images/mono_T000061.tif,0,0,0,0,0,0,0,0,0,0,0,0,0,0,0,0,C:\Users\Client\Documents\GitHub\article\CellProfiler\E.coli_mono_agarose\1. Raw Images\1. raw images,Done,255,0,0.2100031852722168,0.42075031995773315,0.26250398,0.42075032,-11.507080303065667,-8.175560386164847,1.5155842152055141,0.0769541957147895,5,29,6,63,file:///C:/Users/Client/Documents/GitHub/article/CellProfiler/E.coli_mono_agarose/1.%20Raw%20Images/1.%20raw%20images/mono_T000061.tif,536
-1,316.0,316.0,316.0,0.0,0.0,0.15625,0.0,0.21875,0.015625,0.0,4.4375,0.71875,0.703125,1.140625,0.03125,1.21875,1.3125,mono_T000062.tif,0,62,1,1060,62,b'eLvlvNmvsxlNrYM4tZoZ6ZVkpoGTJsxvwHADuRmUdp1REjGIgUjI4JADMsCWgBK1r6sdAD1dnCY=',e5824494070ccfd56b7edf16cbae92a0,file:///C:/Users/Client/Documents/GitHub/article/CellProfiler/E.coli_mono_agarose/1.%20Raw%20Images/1.%20raw%20images/mono_T000062.tif,0,0,0,0,0,0,0,0,0,0,0,0,0,0,0,0,C:\Users\Client\Documents\GitHub\article\CellProfiler\E.coli_mono_agarose\1. Raw Images\1. raw images,Done,255,0,0.20718088150024416,0.4218645691871643,0.2589761,0.42186457,-11.51808774435236,-8.400175822927654,1.5160000116739791,0.07768295815375025,4,36,7,60,file:///C:/Users/Client/Documents/GitHub/article/CellProfiler/E.coli_mono_agarose/1.%20Raw%20Images/1.%20raw%20images/mono_T000062.tif,536
-1,334.0,334.0,334.0,0.0,0.0,0.171875,0.0,0.203125,0.0,0.0,4.34375,0.671875,0.671875,1.203125,0.03125,1.1875,1.3125,mono_T000063.tif,0,63,1,1060,63,b'eLvlvNmvsxlNrYM4tZoZ65VkpoGTJsxvwHADuRmUdp1REjGIgUjI4JADMsCWgBK1r6sdAD2qnCc=',1da35464b377b9aad62f7bf6b2b25e74,file:///C:/Users/Client/Documents/GitHub/article/CellProfiler/E.coli_mono_agarose/1.%20Raw%20Images/1.%20raw%20images/mono_T000063.tif,0,0,0,0,0,0,0,0,0,0,0,0,0,0,0,0,C:\Users\Client\Documents\GitHub\article\CellProfiler\E.coli_mono_agarose\1. Raw Images\1. raw images,Done,255,0,0.21103963851928711,0.422681987285614,0.26379955,0.422682,-11.531845598433053,-8.317252870559667,1.5451077082961528,0.07928367099767067,9,22,5,64,file:///C:/Users/Client/Documents/GitHub/article/CellProfiler/E.coli_mono_agarose/1.%20Raw%20Images/1.%20raw%20images/mono_T000063.tif,536
-1,353.0,353.0,353.0,0.0,0.0,0.171875,0.0,0.234375,0.0,0.0,4.390625,0.703125,0.703125,1.28125,0.03125,1.28125,1.328125,mono_T000064.tif,0,64,1,1060,64,b'eLvlvNmvsxlNrYM4tZqZ6JVkpoGTJsxvwHADuRmUdp1REjGIgUjI4JADMsCWgBK1r6sdAD33nCg=',123bf6721e8d5a456a0a1b8e3aafda76,file:///C:/Users/Client/Documents/GitHub/article/CellProfiler/E.coli_mono_agarose/1.%20Raw%20Images/1.%20raw%20images/mono_T000064.tif,0,0,0,0,0,0,0,0,0,0,0,0,0,0,0,0,C:\Users\Client\Documents\GitHub\article\CellProfiler\E.coli_mono_agarose\1. Raw Images\1. raw images,Done,255,0,0.2105425834655762,0.42146891355514526,0.26317823,0.4214689,-11.523586186987057,-8.381544177523661,1.560566761273963,0.08055395083251467,3,30,5,66,file:///C:/Users/Client/Documents/GitHub/article/CellProfiler/E.coli_mono_agarose/1.%20Raw%20Images/1.%20raw%20images/mono_T000064.tif,536
-1,365.0,365.0,365.0,0.0,0.0,0.1875,0.0,0.1875,0.015625,0.0,4.515625,0.828125,0.765625,1.328125,0.03125,1.28125,1.375,mono_T000065.tif,0,65,1,1060,65,b'eLvlvNmvsxlNrYM4tZqZ6pVkpoGTJsxvwHADuRmUdp1REjGIgUjI4JADMsCWgBK1r6sdAD5EnCk=',17fe79ff6c3f71f822a191f46594aeec,file:///C:/Users/Client/Documents/GitHub/article/CellProfiler/E.coli_mono_agarose/1.%20Raw%20Images/1.%20raw%20images/mono_T000065.tif,0,0,0,0,0,0,0,0,0,0,0,0,0,0,0,0,C:\Users\Client\Documents\GitHub\article\CellProfiler\E.coli_mono_agarose\1. Raw Images\1. raw images,Done,255,0,0.20968937873840332,0.41824403405189514,0.26211172,0.41824403,-11.551680232128831,-8.301236177209718,1.576765431426371,0.0806988041121668,9,39,8,70,file:///C:/Users/Client/Documents/GitHub/article/CellProfiler/E.coli_mono_agarose/1.%20Raw%20Images/1.%20raw%20images/mono_T000065.tif,536
-1,363.0,363.0,363.0,0.0,0.0,0.125,0.0,0.234375,0.0,0.0,4.546875,0.734375,0.78125,1.296875,0.03125,1.328125,1.3125,mono_T000066.tif,0,66,1,1060,66,b'eLvlvNmvsxlNrYM4tZqZ6ZVkpoGTJsxvwHADuRmUdp1REjGIgUjI4JADMsCWgBK1r6sdAD6RnCo=',3aab9a83053424b5e4e5725f2f3e2a34,file:///C:/Users/Client/Documents/GitHub/article/CellProfiler/E.coli_mono_agarose/1.%20Raw%20Images/1.%20raw%20images/mono_T000066.tif,0,0,0,0,0,0,0,0,0,0,0,0,0,0,0,0,C:\Users\Client\Documents\GitHub\article\CellProfiler\E.coli_mono_agarose\1. Raw Images\1. raw images,Done,255,0,0.20632457733154297,0.4198372960090637,0.25790572,0.4198373,-11.587908879720274,-7.913249596616293,1.5956097125567252,0.08426965649803075,6,59,7,65,file:///C:/Users/Client/Documents/GitHub/article/CellProfiler/E.coli_mono_agarose/1.%20Raw%20Images/1.%20raw%20images/mono_T000066.tif,536
-1,346.0,346.0,346.0,0.0,0.0,0.1875,0.0,0.234375,0.0,0.015625,4.6875,0.703125,0.828125,1.1875,0.03125,1.34375,1.3125,mono_T000067.tif,0,67,1,1060,67,b'eLvlvNmvsxlNrYM4tZqZ65VkpoGTJsxvwHADuRmUdp1REjGIgUjI4JADMsCWgBK1r6sdAD7enCs=',b0865c69322bd78eb5b052a0f5764f37,file:///C:/Users/Client/Documents/GitHub/article/CellProfiler/E.coli_mono_agarose/1.%20Raw%20Images/1.%20raw%20images/mono_T000067.tif,0,0,0,0,0,0,0,0,0,0,0,0,0,0,0,0,C:\Users\Client\Documents\GitHub\article\CellProfiler\E.coli_mono_agarose\1. Raw Images\1. raw images,Done,255,0,0.20817980766296387,0.42186054587364197,0.26022476,0.42186055,-11.58523936834292,-8.222053491564802,1.6068851484440034,0.0863611225056634,3,48,1,62,file:///C:/Users/Client/Documents/GitHub/article/CellProfiler/E.coli_mono_agarose/1.%20Raw%20Images/1.%20raw%20images/mono_T000067.tif,536
-1,367.0,367.0,367.0,0.0,0.0,0.171875,0.0,0.1875,0.0,0.0,4.625,0.765625,0.75,1.25,0.03125,1.3125,1.28125,mono_T000068.tif,0,68,1,1060,68,b'eLvlvNmvsxlNrYM4tZpZ6JVkpoGTJsxvwHADuRmUdp1REjGIgUjI4JADMsCWgBK1r6sdAD8rnCw=',59a029e41f4d5972b8c1b5b19eb15b3c,file:///C:/Users/Client/Documents/GitHub/article/CellProfiler/E.coli_mono_agarose/1.%20Raw%20Images/1.%20raw%20images/mono_T000068.tif,0,0,0,0,0,0,0,0,0,0,0,0,0,0,0,0,C:\Users\Client\Documents\GitHub\article\CellProfiler\E.coli_mono_agarose\1. Raw Images\1. raw images,Done,255,0,0.2093836545944214,0.4208946228027344,0.26172957,0.42089462,-11.5832757291648,-8.137457481120297,1.6264475214287746,0.08784447172345373,3,32,12,67,file:///C:/Users/Client/Documents/GitHub/article/CellProfiler/E.coli_mono_agarose/1.%20Raw%20Images/1.%20raw%20images/mono_T000068.tif,536
-1,376.0,376.0,376.0,0.0,0.0,0.171875,0.0,0.203125,0.015625,0.0,4.421875,0.703125,0.734375,1.25,0.03125,1.3125,1.328125,mono_T000069.tif,0,69,1,1060,69,b'eLvlvNmvsxlNrYM4tZpZ6pVkpoGTJsxvwHADuRmUdp1REjGIgUjI4JADMsCWgBK1r6sdAD94nC0=',f535e9aff07ac92b5ce6035effe74c76,file:///C:/Users/Client/Documents/GitHub/article/CellProfiler/E.coli_mono_agarose/1.%20Raw%20Images/1.%20raw%20images/mono_T000069.tif,0,0,0,0,0,0,0,0,0,0,0,0,0,0,0,0,C:\Users\Client\Documents\GitHub\article\CellProfiler\E.coli_mono_agarose\1. Raw Images\1. raw images,Done,255,0,0.21097373962402344,0.4201381504535675,0.26371717,0.42013815,-11.54206421784524,-8.257668368362769,1.6361176949675647,0.08958396559679643,4,45,4,72,file:///C:/Users/Client/Documents/GitHub/article/CellProfiler/E.coli_mono_agarose/1.%20Raw%20Images/1.%20raw%20images/mono_T000069.tif,536
-1,386.0,386.0,386.0,0.0,0.0,0.125,0.0,0.203125,0.015625,0.0,4.328125,0.71875,0.71875,1.328125,0.03125,1.34375,1.3125,mono_T000070.tif,0,70,1,1060,70,b'eLvlvNmvsxlNrYM4tZob6JVkpoGTJsxvwHADuRmUdp1REjGIgUjI4JADMsCWgBK1r6sdAD0RnCU=',c8fcd145fa3d70a5dfa162c210590afe,file:///C:/Users/Client/Documents/GitHub/article/CellProfiler/E.coli_mono_agarose/1.%20Raw%20Images/1.%20raw%20images/mono_T000070.tif,0,0,0,0,0,0,0,0,0,0,0,0,0,0,0,0,C:\Users\Client\Documents\GitHub\article\CellProfiler\E.coli_mono_agarose\1. Raw Images\1. raw images,Done,255,0,0.21047976016998293,0.419521301984787,0.2630997,0.4195213,-11.532227940540615,-8.108395190551914,1.6538683873630369,0.09016202456307416,9,45,6,72,file:///C:/Users/Client/Documents/GitHub/article/CellProfiler/E.coli_mono_agarose/1.%20Raw%20Images/1.%20raw%20images/mono_T000070.tif,536
-1,417.0,417.0,417.0,0.0,0.0,0.1875,0.0,0.203125,0.015625,0.0,4.40625,0.703125,0.71875,1.34375,0.03125,1.453125,1.3125,mono_T000071.tif,0,71,1,1060,71,b'eLvlvNmvsxlNrYM4tZob6pVkpoGTJsxvwHADuRmUdp1REjGIgUjI4JADMsCWgBK1r6sdAD1enCY=',e172b9ec11540bc158f525f19d3df0dc,file:///C:/Users/Client/Documents/GitHub/article/CellProfiler/E.coli_mono_agarose/1.%20Raw%20Images/1.%20raw%20images/mono_T000071.tif,0,0,0,0,0,0,0,0,0,0,0,0,0,0,0,0,C:\Users\Client\Documents\GitHub\article\CellProfiler\E.coli_mono_agarose\1. Raw Images\1. raw images,Done,255,0,0.2120977878570557,0.42049652338027954,0.26512223,0.42049652,-11.521828506341656,-7.977808487238354,1.6353482046932764,0.09437498922417621,9,41,12,75,file:///C:/Users/Client/Documents/GitHub/article/CellProfiler/E.coli_mono_agarose/1.%20Raw%20Images/1.%20raw%20images/mono_T000071.tif,536
-1,442.0,442.0,442.0,0.0,0.0,0.15625,0.0,0.203125,0.015625,0.0,4.421875,0.71875,0.71875,1.4375,0.03125,1.53125,1.296875,mono_T000072.tif,0,72,1,1060,72,b'eLvlvNmvsxlNrYM4tZob6ZVkpoGTJsxvwHADuRmUdp1REjGIgUjI4JADMsCWgBK1r6sdAD2rnCc=',0446e3982ec9735c50acbb6792445e6a,file:///C:/Users/Client/Documents/GitHub/article/CellProfiler/E.coli_mono_agarose/1.%20Raw%20Images/1.%20raw%20images/mono_T000072.tif,0,0,0,0,0,0,0,0,0,0,0,0,0,0,0,0,C:\Users\Client\Documents\GitHub\article\CellProfiler\E.coli_mono_agarose\1. Raw Images\1. raw images,Done,255,0,0.2110915184020996,0.4171972870826721,0.2638644,0.4171973,-11.562981424696403,-8.365947574590924,1.6697654553393746,0.0955790360446016,6,40,13,75,file:///C:/Users/Client/Documents/GitHub/article/CellProfiler/E.coli_mono_agarose/1.%20Raw%20Images/1.%20raw%20images/mono_T000072.tif,536
-1,454.0,454.0,454.0,0.0,0.0,0.125,0.0,0.25,0.0,0.0,4.421875,0.71875,0.71875,1.40625,0.03125,1.5625,1.3125,mono_T000073.tif,0,73,1,1060,73,b'eLvlvNmvsxlNrYM4tZob65VkpoGTJsxvwHADuRmUdp1REjGIgUjI4JADMsCWgBK1r6sdAD34nCg=',7e9e673746528fcd32614bd21d01c000,file:///C:/Users/Client/Documents/GitHub/article/CellProfiler/E.coli_mono_agarose/1.%20Raw%20Images/1.%20raw%20images/mono_T000073.tif,0,0,0,0,0,0,0,0,0,0,0,0,0,0,0,0,C:\Users\Client\Documents\GitHub\article\CellProfiler\E.coli_mono_agarose\1. Raw Images\1. raw images,Done,255,0,0.21313438415527344,0.41864511370658875,0.26641798,0.4186451,-11.554261328325662,-8.159608024105552,1.6606361814497876,0.09830051822232734,3,48,5,75,file:///C:/Users/Client/Documents/GitHub/article/CellProfiler/E.coli_mono_agarose/1.%20Raw%20Images/1.%20raw%20images/mono_T000073.tif,536
-1,444.0,444.0,444.0,0.0,0.0,0.25,0.0,0.203125,0.0,0.0,4.390625,0.71875,0.71875,1.453125,0.03125,1.53125,1.3125,mono_T000074.tif,0,74,1,1060,74,b'eLvlvNmvsxlNrYM4tZqb6JVkpoGTJsxvwHADuRmUdp1REjGIgUjI4JADMsCWgBK1r6sdAD5FnCk=',c217f19582fbbb17f67a52e352913c45,file:///C:/Users/Client/Documents/GitHub/article/CellProfiler/E.coli_mono_agarose/1.%20Raw%20Images/1.%20raw%20images/mono_T000074.tif,0,0,0,0,0,0,0,0,0,0,0,0,0,0,0,0,C:\Users\Client\Documents\GitHub\article\CellProfiler\E.coli_mono_agarose\1. Raw Images\1. raw images,Done,255,0,0.21393747329711915,0.4202994704246521,0.26742184,0.42029947,-11.56040926769282,-7.807692279208208,1.6633232946575691,0.10124997914564447,11,55,5,81,file:///C:/Users/Client/Documents/GitHub/article/CellProfiler/E.coli_mono_agarose/1.%20Raw%20Images/1.%20raw%20images/mono_T000074.tif,536
-1,452.0,452.0,452.0,0.0,0.0,0.140625,0.0,0.234375,0.015625,0.0,4.375,0.75,0.734375,1.4375,0.03125,1.609375,1.328125,mono_T000075.tif,0,75,1,1060,75,b'eLvlvNmvsxlNrYM4tZqb6pVkpoGTJsxvwHADuRmUdp1REjGIgUjI4JADMsCWgBK1r6sdAD6SnCo=',038e116ac02e389f6ffc30a99b983199,file:///C:/Users/Client/Documents/GitHub/article/CellProfiler/E.coli_mono_agarose/1.%20Raw%20Images/1.%20raw%20images/mono_T000075.tif,0,0,0,0,0,0,0,0,0,0,0,0,0,0,0,0,C:\Users\Client\Documents\GitHub\article\CellProfiler\E.coli_mono_agarose\1. Raw Images\1. raw images,Done,255,0,0.21164422035217287,0.41572844982147217,0.26455528,0.41572845,-11.589746100976551,-7.855128787244192,1.6768737426538034,0.10145781309424785,8,54,12,78,file:///C:/Users/Client/Documents/GitHub/article/CellProfiler/E.coli_mono_agarose/1.%20Raw%20Images/1.%20raw%20images/mono_T000075.tif,536
-1,457.0,457.0,457.0,0.0,0.0,0.140625,0.0,0.21875,0.0,0.0,4.359375,0.734375,0.75,1.421875,0.03125,1.578125,1.296875,mono_T000076.tif,0,76,1,1060,76,b'eLvlvNmvsxlNrYM4tZqb6ZVkpoGTJsxvwHADuRmUdp1REjGIgUjI4JADMsCWgBK1r6sdAD7fnCs=',7abdd129c65a0c3cdc57bd6f7ba73217,file:///C:/Users/Client/Documents/GitHub/article/CellProfiler/E.coli_mono_agarose/1.%20Raw%20Images/1.%20raw%20images/mono_T000076.tif,0,0,0,0,0,0,0,0,0,0,0,0,0,0,0,0,C:\Users\Client\Documents\GitHub\article\CellProfiler\E.coli_mono_agarose\1. Raw Images\1. raw images,Done,255,0,0.21593918800354006,0.4157119393348694,0.26992399,0.41571194,-11.561302370978481,-8.149096490825489,1.6908830304033435,0.10461176325569951,7,51,7,75,file:///C:/Users/Client/Documents/GitHub/article/CellProfiler/E.coli_mono_agarose/1.%20Raw%20Images/1.%20raw%20images/mono_T000076.tif,536
-1,460.0,461.0,460.0,0.0,0.0,0.1875,0.0,0.21875,0.0,0.0,4.34375,0.734375,0.75,1.4375,0.03125,1.640625,1.28125,mono_T000077.tif,0,77,1,1060,77,b'eLvlvNmvsxlNrYM4tZqb65VkpoGTJsxvwHADuRmUdp1REjGIgUjI4JADMsCWgBK1r6sdAD8snCw=',1fd763c3b81862944cbcc81d85abfd73,file:///C:/Users/Client/Documents/GitHub/article/CellProfiler/E.coli_mono_agarose/1.%20Raw%20Images/1.%20raw%20images/mono_T000077.tif,0,0,0,0,0,0,0,0,0,0,0,0,0,0,0,0,C:\Users\Client\Documents\GitHub\article\CellProfiler\E.coli_mono_agarose\1. Raw Images\1. raw images,Done,255,0,0.21481420993804934,0.41502469778060913,0.26851776,0.4150247,-11.534419012819766,-8.000956543749288,1.6874308718325923,0.11046510350961632,13,70,13,79,file:///C:/Users/Client/Documents/GitHub/article/CellProfiler/E.coli_mono_agarose/1.%20Raw%20Images/1.%20raw%20images/mono_T000077.tif,536
-1,478.0,478.0,478.0,0.0,0.0,0.125,0.0,0.203125,0.015625,0.0,4.359375,0.75,0.75,1.59375,0.03125,1.6875,1.328125,mono_T000078.tif,0,78,1,1060,78,b'eLvlvNmvsxlNrYM4tZpb6JVkpoGTJsxvwHADuRmUdp1REjGIgUjI4JADMsCWgBK1r6sdAD95nC0=',430eeee16fb78adfd72948d770e9e218,file:///C:/Users/Client/Documents/GitHub/article/CellProfiler/E.coli_mono_agarose/1.%20Raw%20Images/1.%20raw%20images/mono_T000078.tif,0,0,0,0,0,0,0,0,0,0,0,0,0,0,0,0,C:\Users\Client\Documents\GitHub\article\CellProfiler\E.coli_mono_agarose\1. Raw Images\1. raw images,Done,255,0,0.2200469970703125,0.4170212745666504,0.27505875,0.41702127,-11.49312251125572,-7.485947936321693,1.7078465520059918,0.11359778300668429,5,58,9,82,file:///C:/Users/Client/Documents/GitHub/article/CellProfiler/E.coli_mono_agarose/1.%20Raw%20Images/1.%20raw%20images/mono_T000078.tif,536
-1,485.0,485.0,485.0,0.0,0.0,0.21875,0.0,0.1875,0.0,0.015625,4.421875,0.765625,0.75,1.484375,0.03125,1.671875,1.3125,mono_T000079.tif,0,79,1,1060,79,b'eLvlvNmvsxlNrYM4tZpb6pVkpoGTJsxvwHADuRmUdp1REjGIgUjI4JADMsCWgBK1r6sdAD/GnC4=',cc61beb3c2fad4fce879bc1851d163de,file:///C:/Users/Client/Documents/GitHub/article/CellProfiler/E.coli_mono_agarose/1.%20Raw%20Images/1.%20raw%20images/mono_T000079.tif,0,0,0,0,0,0,0,0,0,0,0,0,0,0,0,0,C:\Users\Client\Documents\GitHub\article\CellProfiler\E.coli_mono_agarose\1. Raw Images\1. raw images,Done,255,0,0.21925950050354004,0.41753122210502625,0.27407438,0.41753122,-11.49702463231528,-7.88474453531579,1.6859872343861326,0.11450241854152336,12,61,13,85,file:///C:/Users/Client/Documents/GitHub/article/CellProfiler/E.coli_mono_agarose/1.%20Raw%20Images/1.%20raw%20images/mono_T000079.tif,536
-1,522.0,522.0,522.0,0.0,0.0,0.140625,0.0,0.234375,0.015625,0.0,4.421875,0.75,0.78125,1.640625,0.03125,1.796875,1.328125,mono_T000080.tif,0,80,1,1060,80,b'eLvlvNmvsxlNrYM4tVoY6JVkpoGTJsxvwHADuRmUdp1REjGIgUjI4JADMsCWgBK1r6sdAD1fnCY=',425516ab2eb5a1b87dd5a43c2429bed4,file:///C:/Users/Client/Documents/GitHub/article/CellProfiler/E.coli_mono_agarose/1.%20Raw%20Images/1.%20raw%20images/mono_T000080.tif,0,0,0,0,0,0,0,0,0,0,0,0,0,0,0,0,C:\Users\Client\Documents\GitHub\article\CellProfiler\E.coli_mono_agarose\1. Raw Images\1. raw images,Done,255,0,0.22099199295043948,0.4170241355895996,0.27624,0.41702414,-11.490883605389625,-8.14283764262014,1.690998485801656,0.11565866228095513,12,50,11,84,file:///C:/Users/Client/Documents/GitHub/article/CellProfiler/E.coli_mono_agarose/1.%20Raw%20Images/1.%20raw%20images/mono_T000080.tif,536
-1,543.0,543.0,543.0,0.0,0.0,0.21875,0.0,0.203125,0.015625,0.0,4.34375,0.765625,0.765625,1.671875,0.03125,1.875,1.296875,mono_T000081.tif,0,81,1,1060,81,b'eLvlvNmvsxlNrYM4tVoY6pVkpoGTJsxvwHADuRmUdp1REjGIgUjI4JADMsCWgBK1r6sdAD2snCc=',bd2ad39f4275ec1e51fd44c9ca5be11c,file:///C:/Users/Client/Documents/GitHub/article/CellProfiler/E.coli_mono_agarose/1.%20Raw%20Images/1.%20raw%20images/mono_T000081.tif,0,0,0,0,0,0,0,0,0,0,0,0,0,0,0,0,C:\Users\Client\Documents\GitHub\article\CellProfiler\E.coli_mono_agarose\1. Raw Images\1. raw images,Done,255,0,0.21980245113372804,0.41569679975509644,0.27475306,0.4156968,-11.525239997846537,-8.298957288002585,1.699239649941229,0.11719806824976656,9,59,13,88,file:///C:/Users/Client/Documents/GitHub/article/CellProfiler/E.coli_mono_agarose/1.%20Raw%20Images/1.%20raw%20images/mono_T000081.tif,536
-1,547.0,547.0,547.0,0.0,0.0,0.171875,0.0,0.203125,0.015625,0.0,4.359375,0.78125,0.796875,1.609375,0.03125,1.875,1.328125,mono_T000082.tif,0,82,1,1060,82,b'eLvlvNmvsxlNrYM4tVoY6ZVkpoGTJsxvwHADuRmUdp1REjGIgUjI4JADMsCWgBK1r6sdAD35nCg=',d73db7ed519161bf273a9a876bd6242b,file:///C:/Users/Client/Documents/GitHub/article/CellProfiler/E.coli_mono_agarose/1.%20Raw%20Images/1.%20raw%20images/mono_T000082.tif,0,0,0,0,0,0,0,0,0,0,0,0,0,0,0,0,C:\Users\Client\Documents\GitHub\article\CellProfiler\E.coli_mono_agarose\1. Raw Images\1. raw images,Done,255,0,0.21952221393585206,0.41518300771713257,0.27440277,0.415183,-11.547163879714871,-8.360295479132269,1.7068749761604396,0.11880470284848492,11,74,10,85,file:///C:/Users/Client/Documents/GitHub/article/CellProfiler/E.coli_mono_agarose/1.%20Raw%20Images/1.%20raw%20images/mono_T000082.tif,536
-1,552.0,552.0,552.0,0.0,0.0,0.15625,0.0,0.203125,0.0,0.0,4.34375,0.765625,0.78125,1.671875,0.03125,1.921875,1.296875,mono_T000083.tif,0,83,1,1060,83,b'eLvlvNmvsxlNrYM4tVoY65VkpoGTJsxvwHADuRmUdp1REjGIgUjI4JADMsCWgBK1r6sdAD5GnCk=',d940bbd17080e7ba7ad5dbd5abe88044,file:///C:/Users/Client/Documents/GitHub/article/CellProfiler/E.coli_mono_agarose/1.%20Raw%20Images/1.%20raw%20images/mono_T000083.tif,0,0,0,0,0,0,0,0,0,0,0,0,0,0,0,0,C:\Users\Client\Documents\GitHub\article\CellProfiler\E.coli_mono_agarose\1. Raw Images\1. raw images,Done,255,0,0.22003750801086427,0.4151936173439026,0.27504689,0.41519362,-11.543508099969083,-7.9788796826335755,1.70059123195648,0.1202395455933819,14,61,11,86,file:///C:/Users/Client/Documents/GitHub/article/CellProfiler/E.coli_mono_agarose/1.%20Raw%20Images/1.%20raw%20images/mono_T000083.tif,536
-1,555.0,555.0,555.0,0.0,0.0,0.203125,0.0,0.203125,0.015625,0.0,4.390625,0.78125,0.8125,1.734375,0.046875,1.953125,1.296875,mono_T000084.tif,0,84,1,1060,84,b'eLvlvNmvsxlNrYM4tVqY6JVkpoGTJsxvwHADuRmUdp1REjGIgUjI4JADMsCWgBK1r6sdAD6TnCo=',c23ac70fb0f57b91ccf4737eb334d0de,file:///C:/Users/Client/Documents/GitHub/article/CellProfiler/E.coli_mono_agarose/1.%20Raw%20Images/1.%20raw%20images/mono_T000084.tif,0,0,0,0,0,0,0,0,0,0,0,0,0,0,0,0,C:\Users\Client\Documents\GitHub\article\CellProfiler\E.coli_mono_agarose\1. Raw Images\1. raw images,Done,255,0,0.22282881736755372,0.41323065757751465,0.27853602,0.41323066,-11.524278460474557,-8.146990394924513,1.729176461086308,0.12178963457518079,9,62,11,88,file:///C:/Users/Client/Documents/GitHub/article/CellProfiler/E.coli_mono_agarose/1.%20Raw%20Images/1.%20raw%20images/mono_T000084.tif,536
-1,558.0,558.0,558.0,0.0,0.0,0.140625,0.0,0.21875,0.0,0.015625,4.421875,0.78125,0.8125,1.625,0.03125,1.953125,1.3125,mono_T000085.tif,0,85,1,1060,85,b'eLvlvNmvsxlNrYM4tVqY6pVkpoGTJsxvwHADuRmUdp1REjGIgUjI4JADMsCWgBK1r6sdAD7gnCs=',9a70fc81ed9eaeacfe15812042f405e1,file:///C:/Users/Client/Documents/GitHub/article/CellProfiler/E.coli_mono_agarose/1.%20Raw%20Images/1.%20raw%20images/mono_T000085.tif,0,0,0,0,0,0,0,0,0,0,0,0,0,0,0,0,C:\Users\Client\Documents\GitHub\article\CellProfiler\E.coli_mono_agarose\1. Raw Images\1. raw images,Done,255,0,0.22026681900024414,0.4123190641403198,0.27533352,0.41231906,-11.546682798616352,-8.067990442689394,1.7116721373524015,0.12239777128303556,16,62,10,86,file:///C:/Users/Client/Documents/GitHub/article/CellProfiler/E.coli_mono_agarose/1.%20Raw%20Images/1.%20raw%20images/mono_T000085.tif,536
-1,584.0,584.0,584.0,0.0,0.0,0.171875,0.0,0.203125,0.015625,0.0,4.484375,0.78125,0.828125,1.703125,0.03125,2.15625,1.328125,mono_T000086.tif,0,86,1,1060,86,b'eLvlvNmvsxlNrYM4tVqY6ZVkpoGTJsxvwHADuRmUdp1REjGIgUjI4JADMsCWgBK1r6sdAD8tnCw=',ba9073cc3e743645064853d48977bd94,file:///C:/Users/Client/Documents/GitHub/article/CellProfiler/E.coli_mono_agarose/1.%20Raw%20Images/1.%20raw%20images/mono_T000086.tif,0,0,0,0,0,0,0,0,0,0,0,0,0,0,0,0,C:\Users\Client\Documents\GitHub\article\CellProfiler\E.coli_mono_agarose\1. Raw Images\1. raw images,Done,255,0,0.22083930969238283,0.4150770902633667,0.27604914,0.4150771,-11.51997192385415,-8.316561603462494,1.6851328873285623,0.12580271859816428,12,56,11,89,file:///C:/Users/Client/Documents/GitHub/article/CellProfiler/E.coli_mono_agarose/1.%20Raw%20Images/1.%20raw%20images/mono_T000086.tif,536
-1,606.0,606.0,606.0,0.0,0.0,0.171875,0.0,0.21875,0.0,0.0,4.359375,0.796875,0.84375,1.8125,0.03125,2.09375,1.359375,mono_T000087.tif,0,87,1,1060,87,b'eLvlvNmvsxlNrYM4tVqY65VkpoGTJsxvwHADuRmUdp1REjGIgUjI4JADMsCWgBK1r6sdAD96nC0=',85dd4ef1c74b38ca77267d6447ef1483,file:///C:/Users/Client/Documents/GitHub/article/CellProfiler/E.coli_mono_agarose/1.%20Raw%20Images/1.%20raw%20images/mono_T000087.tif,0,0,0,0,0,0,0,0,0,0,0,0,0,0,0,0,C:\Users\Client\Documents\GitHub\article\CellProfiler\E.coli_mono_agarose\1. Raw Images\1. raw images,Done,255,0,0.2227742910385132,0.41184329986572266,0.27846786,0.4118433,-11.508997916404946,-8.652378010133075,1.7215522683367985,0.1267948056059332,17,49,13,88,file:///C:/Users/Client/Documents/GitHub/article/CellProfiler/E.coli_mono_agarose/1.%20Raw%20Images/1.%20raw%20images/mono_T000087.tif,536
-1,632.0,633.0,632.0,0.0,0.0,0.125,0.0,0.203125,0.015625,0.0,4.453125,0.8125,0.84375,1.796875,0.03125,2.125,1.328125,mono_T000088.tif,0,88,1,1060,88,b'eLvlvNmvsxlNrYM4tVpY6JVkpoGTJsxvwHADuRmUdp1REjGIgUjI4JADMsCWgBK1r6sdAD/HnC4=',a363a3ef5e6d8aec847c5789b9f2b8a2,file:///C:/Users/Client/Documents/GitHub/article/CellProfiler/E.coli_mono_agarose/1.%20Raw%20Images/1.%20raw%20images/mono_T000088.tif,0,0,0,0,0,0,0,0,0,0,0,0,0,0,0,0,C:\Users\Client\Documents\GitHub\article\CellProfiler\E.coli_mono_agarose\1. Raw Images\1. raw images,Done,255,0,0.2253814697265625,0.414447158575058,0.28172684,0.41444716,-11.526778269645733,-7.711189657635816,1.7481707005060514,0.13152911985881566,17,99,13,87,file:///C:/Users/Client/Documents/GitHub/article/CellProfiler/E.coli_mono_agarose/1.%20Raw%20Images/1.%20raw%20images/mono_T000088.tif,536
-1,657.0,658.0,657.0,0.0,0.0,0.171875,0.0,0.1875,0.0,0.0,4.359375,0.875,0.859375,1.8125,0.046875,2.25,1.34375,mono_T000089.tif,0,89,1,1060,89,b'eLvlvNmvsxlNrYM4tVpY6pVkpoGTJsxvwHADuRmUdp1REjGIgUjI4JADMsCWgBK1r6sdAEAUnC8=',7f381c4e90e58c7d5349912fcecc745a,file:///C:/Users/Client/Documents/GitHub/article/CellProfiler/E.coli_mono_agarose/1.%20Raw%20Images/1.%20raw%20images/mono_T000089.tif,0,0,0,0,0,0,0,0,0,0,0,0,0,0,0,0,C:\Users\Client\Documents\GitHub\article\CellProfiler\E.coli_mono_agarose\1. Raw Images\1. raw images,Done,255,0,0.2260122299194336,0.4095691442489624,0.2825153,0.40956914,-11.511935330795337,-7.9543739720527356,1.7344874450769323,0.13483246832417747,9,72,15,93,file:///C:/Users/Client/Documents/GitHub/article/CellProfiler/E.coli_mono_agarose/1.%20Raw%20Images/1.%20raw%20images/mono_T000089.tif,536
-1,658.0,658.0,658.0,0.0,0.0,0.140625,0.0,0.203125,0.015625,0.0,4.375,0.796875,0.84375,1.90625,0.046875,2.28125,1.3125,mono_T000090.tif,0,90,1,1060,90,b'eLvlvNmvsxlNrYM4tVoa6JVkpoGTJsxvwHADuRmUdp1REjGIgUjI4JADMsCWgBK1r6sdAD2tnCc=',2b3ee15191d2b71e7e26f1662be8ce7e,file:///C:/Users/Client/Documents/GitHub/article/CellProfiler/E.coli_mono_agarose/1.%20Raw%20Images/1.%20raw%20images/mono_T000090.tif,0,0,0,0,0,0,0,0,0,0,0,0,0,0,0,0,C:\Users\Client\Documents\GitHub\article\CellProfiler\E.coli_mono_agarose\1. Raw Images\1. raw images,Done,255,0,0.22764239311218262,0.40929126739501953,0.284553,0.40929127,-11.53278166639834,-8.22338130468498,1.7583020550872626,0.1390779546198516,10,87,13,90,file:///C:/Users/Client/Documents/GitHub/article/CellProfiler/E.coli_mono_agarose/1.%20Raw%20Images/1.%20raw%20images/mono_T000090.tif,536
-1,679.0,680.0,679.0,0.0,0.0,0.171875,0.0,0.21875,0.0,0.0,4.40625,0.8125,0.84375,2.0,0.03125,2.40625,1.375,mono_T000091.tif,0,91,1,1060,91,b'eLvlvNmvsxlNrYM4tVoa6pVkpoGTJsxvwHADuRmUdp1REjGIgUjI4JADMsCWgBK1r6sdAD36nCg=',529e87b53a16fc3df04422ae45fe8df9,file:///C:/Users/Client/Documents/GitHub/article/CellProfiler/E.coli_mono_agarose/1.%20Raw%20Images/1.%20raw%20images/mono_T000091.tif,0,0,0,0,0,0,0,0,0,0,0,0,0,0,0,0,C:\Users\Client\Documents\GitHub\article\CellProfiler\E.coli_mono_agarose\1. Raw Images\1. raw images,Done,255,0,0.22504177093505862,0.4086551368236542,0.2813022,0.40865514,-11.515917952333918,-8.07629099825894,1.7121630460973298,0.141821384870333,13,88,14,95,file:///C:/Users/Client/Documents/GitHub/article/CellProfiler/E.coli_mono_agarose/1.%20Raw%20Images/1.%20raw%20images/mono_T000091.tif,536
-1,685.0,685.0,685.0,0.0,0.0,0.25,0.0,0.1875,0.015625,0.0,4.640625,0.8125,0.828125,2.125,0.046875,2.4375,1.421875,mono_T000092.tif,0,92,1,1060,92,b'eLvlvNmvsxlNrYM4tVoa6ZVkpoGTJsxvwHADuRmUdp1REjGIgUjI4JADMsCWgBK1r6sdAD5HnCk=',6c93cc2bd41339bac7ace3faa9f4cbb0,file:///C:/Users/Client/Documents/GitHub/article/CellProfiler/E.coli_mono_agarose/1.%20Raw%20Images/1.%20raw%20images/mono_T000092.tif,0,0,0,0,0,0,0,0,0,0,0,0,0,0,0,0,C:\Users\Client\Documents\GitHub\article\CellProfiler\E.coli_mono_agarose\1. Raw Images\1. raw images,Done,255,0,0.22689774036407473,0.40992528200149536,0.28362218,0.40992528,-11.525196482248594,-8.354339871302786,1.7416426753252587,0.1436414970779845,7,95,9,99,file:///C:/Users/Client/Documents/GitHub/article/CellProfiler/E.coli_mono_agarose/1.%20Raw%20Images/1.%20raw%20images/mono_T000092.tif,536
-1,702.0,702.0,702.0,0.0,0.0,0.21875,0.0,0.265625,0.015625,0.0,4.5,0.921875,0.875,1.96875,0.03125,2.5,1.359375,mono_T000093.tif,0,93,1,1060,93,b'eLvlvNmvsxlNrYM4tVoa65VkpoGTJsxvwHADuRmUdp1REjGIgUjI4JADMsCWgBK1r6sdAD6UnCo=',d6426516b866aaf22255ffc4a7073ba2,file:///C:/Users/Client/Documents/GitHub/article/CellProfiler/E.coli_mono_agarose/1.%20Raw%20Images/1.%20raw%20images/mono_T000093.tif,0,0,0,0,0,0,0,0,0,0,0,0,0,0,0,0,C:\Users\Client\Documents\GitHub\article\CellProfiler\E.coli_mono_agarose\1. Raw Images\1. raw images,Done,255,0,0.22821478843688967,0.4084436297416687,0.2852685,0.40844363,-11.41412661322032,-8.47531990169409,1.7238051893341142,0.14548017400621227,20,76,9,97,file:///C:/Users/Client/Documents/GitHub/article/CellProfiler/E.coli_mono_agarose/1.%20Raw%20Images/1.%20raw%20images/mono_T000093.tif,536
-1,743.0,743.0,743.0,0.0,0.0,0.1875,0.0,0.21875,0.0,0.015625,4.515625,0.875,0.84375,2.09375,0.03125,2.609375,1.375,mono_T000094.tif,0,94,1,1060,94,b'eLvlvNmvsxlNrYM4tVqa6JVkpoGTJsxvwHADuRmUdp1REjGIgUjI4JADMsCWgBK1r6sdAD7hnCs=',d89ea22f89c60ce6c2e7ea72bb784f43,file:///C:/Users/Client/Documents/GitHub/article/CellProfiler/E.coli_mono_agarose/1.%20Raw%20Images/1.%20raw%20images/mono_T000094.tif,0,0,0,0,0,0,0,0,0,0,0,0,0,0,0,0,C:\Users\Client\Documents\GitHub\article\CellProfiler\E.coli_mono_agarose\1. Raw Images\1. raw images,Done,255,0,0.23009042739868166,0.4094412922859192,0.28761303,0.4094413,-11.50391288114122,-8.394865189936695,1.7331172012774076,0.14765489631147163,10,87,15,97,file:///C:/Users/Client/Documents/GitHub/article/CellProfiler/E.coli_mono_agarose/1.%20Raw%20Images/1.%20raw%20images/mono_T000094.tif,536
-1,746.0,746.0,746.0,0.0,0.0,0.25,0.0,0.234375,0.015625,0.0,4.53125,0.828125,0.890625,2.171875,0.03125,2.546875,1.34375,mono_T000095.tif,0,95,1,1060,95,b'eLvlvNmvsxlNrYM4tVqa6pVkpoGTJsxvwHADuRmUdp1REjGIgUjI4JADMsCWgBK1r6sdAD8unCw=',f87421b19dc0d06222446ef773e01d3a,file:///C:/Users/Client/Documents/GitHub/article/CellProfiler/E.coli_mono_agarose/1.%20Raw%20Images/1.%20raw%20images/mono_T000095.tif,0,0,0,0,0,0,0,0,0,0,0,0,0,0,0,0,C:\Users\Client\Documents\GitHub\article\CellProfiler\E.coli_mono_agarose\1. Raw Images\1. raw images,Done,255,0,0.22946133613586428,0.4073675274848938,0.28682667,0.40736753,-11.532562251970097,-8.638145691511074,1.7246595930314135,0.14910559802478507,16,94,10,99,file:///C:/Users/Client/Documents/GitHub/article/CellProfiler/E.coli_mono_agarose/1.%20Raw%20Images/1.%20raw%20images/mono_T000095.tif,536
-1,761.0,761.0,761.0,0.0,0.0,0.171875,0.0,0.21875,0.015625,0.0,4.453125,0.84375,0.84375,2.0625,0.03125,2.5625,1.421875,mono_T000096.tif,0,96,1,1060,96,b'eLvlvNmvsxlNrYM4tVqa6ZVkpoGTJsxvwHADuRmUdp1REjGIgUjI4JADMsCWgBK1r6sdAD97nC0=',8382b7119e1dd18fb60c0d083333120e,file:///C:/Users/Client/Documents/GitHub/article/CellProfiler/E.coli_mono_agarose/1.%20Raw%20Images/1.%20raw%20images/mono_T000096.tif,0,0,0,0,0,0,0,0,0,0,0,0,0,0,0,0,C:\Users\Client\Documents\GitHub\article\CellProfiler\E.coli_mono_agarose\1. Raw Images\1. raw images,Done,255,0,0.22927749156951904,0.40868163108825684,0.28659686,0.40868163,-11.504136288382288,-8.236043904006326,1.7493955593270027,0.15319317916311273,14,92,20,102,file:///C:/Users/Client/Documents/GitHub/article/CellProfiler/E.coli_mono_agarose/1.%20Raw%20Images/1.%20raw%20images/mono_T000096.tif,536
-1,799.0,799.0,799.0,0.0,0.0,0.15625,0.0,0.21875,0.0,0.0,4.390625,0.859375,0.875,2.203125,0.03125,2.671875,1.34375,mono_T000097.tif,0,97,1,1060,97,b'eLvlvNmvsxlNrYM4tVqa65VkpoGTJsxvwHADuRmUdp1REjGIgUjI4JADMsCWgBK1r6sdAD/InC4=',68ad2955ad4e7529e79e95bd46f31927,file:///C:/Users/Client/Documents/GitHub/article/CellProfiler/E.coli_mono_agarose/1.%20Raw%20Images/1.%20raw%20images/mono_T000097.tif,0,0,0,0,0,0,0,0,0,0,0,0,0,0,0,0,C:\Users\Client\Documents\GitHub\article\CellProfiler\E.coli_mono_agarose\1. Raw Images\1. raw images,Done,255,0,0.22913961410522463,0.4096839427947998,0.28642452,0.40968394,-11.504567854273581,-8.065412446016364,1.7647132924142348,0.1559616527190643,13,82,21,95,file:///C:/Users/Client/Documents/GitHub/article/CellProfiler/E.coli_mono_agarose/1.%20Raw%20Images/1.%20raw%20images/mono_T000097.tif,536
-1,832.0,832.0,832.0,0.0,0.0,0.15625,0.0,0.1875,0.0,0.015625,4.390625,0.859375,0.90625,2.21875,0.03125,2.84375,1.375,mono_T000098.tif,0,98,1,1060,98,b'eLvlvNmvsxlNrYM4tVpa6JVkpoGTJsxvwHADuRmUdp1REjGIgUjI4JADMsCWgBK1r6sdAEAVnC8=',92bec6f66f6f5e6ecd60a6c5142d4ab7,file:///C:/Users/Client/Documents/GitHub/article/CellProfiler/E.coli_mono_agarose/1.%20Raw%20Images/1.%20raw%20images/mono_T000098.tif,0,0,0,0,0,0,0,0,0,0,0,0,0,0,0,0,C:\Users\Client\Documents\GitHub\article\CellProfiler\E.coli_mono_agarose\1. Raw Images\1. raw images,Done,255,0,0.22665443420410158,0.4068319797515869,0.28331804,0.40683198,-11.53616133798103,-8.186632632481652,1.7570462040744657,0.1576786605210106,18,87,17,107,file:///C:/Users/Client/Documents/GitHub/article/CellProfiler/E.coli_mono_agarose/1.%20Raw%20Images/1.%20raw%20images/mono_T000098.tif,536
-1,872.0,872.0,872.0,0.0,0.0,0.140625,0.0,0.21875,0.015625,0.0,4.4375,0.875,0.9375,2.375,0.03125,2.96875,1.359375,mono_T000099.tif,0,99,1,1060,99,b'eLvlvNmvsxlNrYM4tVpa6pVkpoGTJsxvwHADuRmUdp1REjGIgUjI4JADMsCWgBK1r6sdAEBinDA=',fdf12a7febe1895b2cb052fb966f72d3,file:///C:/Users/Client/Documents/GitHub/article/CellProfiler/E.coli_mono_agarose/1.%20Raw%20Images/1.%20raw%20images/mono_T000099.tif,0,0,0,0,0,0,0,0,0,0,0,0,0,0,0,0,C:\Users\Client\Documents\GitHub\article\CellProfiler\E.coli_mono_agarose\1. Raw Images\1. raw images,Done,255,0,0.226556396484375,0.40820491313934326,0.2831955,0.4082049,-11.600760947534305,-8.461593751678517,1.7609645995275771,0.1627665833732048,24,163,30,103,file:///C:/Users/Client/Documents/GitHub/article/CellProfiler/E.coli_mono_agarose/1.%20Raw%20Images/1.%20raw%20images/mono_T000099.tif,536
-1,892.0,892.0,892.0,0.0,0.0,0.203125,0.0,0.40625,0.03125,0.0,4.546875,0.890625,0.953125,2.328125,0.03125,2.984375,1.40625,mono_T000100.tif,0,100,1,1060,100,b'eLvlvNmvsxlNrYM3tRoaGOiVZKaBkybMb8BwA7kZlHadURIxiIFIyOCQAzLAloASta+rHQA7Ppwf',ca733c73ff7bccecc0dc1eee67f7bada,file:///C:/Users/Client/Documents/GitHub/article/CellProfiler/E.coli_mono_agarose/1.%20Raw%20Images/1.%20raw%20images/mono_T000100.tif,0,0,0,0,0,0,0,0,0,0,0,0,0,0,0,0,C:\Users\Client\Documents\GitHub\article\CellProfiler\E.coli_mono_agarose\1. Raw Images\1. raw images,Done,255,0,0.22956109046936035,0.40582895278930664,0.28695136,0.40582895,-11.490869910934677,-8.401894656893308,1.758089313525258,0.17030773952176692,15,142,21,105,file:///C:/Users/Client/Documents/GitHub/article/CellProfiler/E.coli_mono_agarose/1.%20Raw%20Images/1.%20raw%20images/mono_T000100.tif,536
-1,908.0,908.0,908.0,0.0,0.0,0.171875,0.0,0.203125,0.015625,0.0,4.359375,0.921875,0.921875,2.4375,0.03125,3.0625,1.34375,mono_T000101.tif,0,101,1,1060,101,b'eLvlvNmvsxlNrYM3tRoaGOqVZKaBkybMb8BwA7kZlHadURIxiIFIyOCQAzLAloASta+rHQA7i5wg',5464fe9b7f3a6a0edc02bdd387314942,file:///C:/Users/Client/Documents/GitHub/article/CellProfiler/E.coli_mono_agarose/1.%20Raw%20Images/1.%20raw%20images/mono_T000101.tif,0,0,0,0,0,0,0,0,0,0,0,0,0,0,0,0,C:\Users\Client\Documents\GitHub\article\CellProfiler\E.coli_mono_agarose\1. Raw Images\1. raw images,Done,255,0,0.23003807067871096,0.4034780263900757,0.2875476,0.40347803,-11.679294838734549,-8.289573207639135,1.7713425550397388,0.17148614602401577,14,145,15,104,file:///C:/Users/Client/Documents/GitHub/article/CellProfiler/E.coli_mono_agarose/1.%20Raw%20Images/1.%20raw%20images/mono_T000101.tif,536
-1,919.0,919.0,919.0,0.0,0.0,0.15625,0.0,0.203125,0.015625,0.0,4.34375,0.90625,0.9375,2.375,0.03125,3.15625,1.34375,mono_T000102.tif,0,102,1,1060,102,b'eLvlvNmvsxlNrYM3tRoaGOmVZKaBkybMb8BwA7kZlHadURIxiIFIyOCQAzLAloASta+rHQA72Jwh',704d0f42d05d02bd21c06a2dddcc73e6,file:///C:/Users/Client/Documents/GitHub/article/CellProfiler/E.coli_mono_agarose/1.%20Raw%20Images/1.%20raw%20images/mono_T000102.tif,0,0,0,0,0,0,0,0,0,0,0,0,0,0,0,0,C:\Users\Client\Documents\GitHub\article\CellProfiler\E.coli_mono_agarose\1. Raw Images\1. raw images,Done,255,0,0.2303428888320923,0.402643620967865,0.2879286,0.40264362,-11.579126642594254,-8.097789658757499,1.7647368266559578,0.1729370134427557,23,106,25,102,file:///C:/Users/Client/Documents/GitHub/article/CellProfiler/E.coli_mono_agarose/1.%20Raw%20Images/1.%20raw%20images/mono_T000102.tif,536
-1,976.0,976.0,976.0,0.0,0.0,0.203125,0.0,0.21875,0.0,0.0,4.421875,1.015625,1.0,2.59375,0.03125,3.328125,1.421875,mono_T000103.tif,0,103,1,1060,103,b'eLvlvNmvsxlNrYM3tRoaGOuVZKaBkybMb8BwA7kZlHadURIxiIFIyOCQAzLAloASta+rHQA8JZwi',2c43897963440cdeebc897c97589efa6,file:///C:/Users/Client/Documents/GitHub/article/CellProfiler/E.coli_mono_agarose/1.%20Raw%20Images/1.%20raw%20images/mono_T000103.tif,0,0,0,0,0,0,0,0,0,0,0,0,0,0,0,0,C:\Users\Client\Documents\GitHub\article\CellProfiler\E.coli_mono_agarose\1. Raw Images\1. raw images,Done,255,0,0.22911782264709474,0.399960994720459,0.28639728,0.399961,-11.573584095497223,-8.125483592845317,1.7610800296880968,0.17329930072670377,16,108,31,108,file:///C:/Users/Client/Documents/GitHub/article/CellProfiler/E.coli_mono_agarose/1.%20Raw%20Images/1.%20raw%20images/mono_T000103.tif,536
-1,963.0,964.0,963.0,0.0,0.0,0.171875,0.0,0.21875,0.0,0.0,4.4375,0.921875,0.953125,2.46875,0.03125,3.28125,1.375,mono_T000104.tif,0,104,1,1060,104,b'eLvlvNmvsxlNrYM3tRoamOiVZKaBkybMb8BwA7kZlHadURIxiIFIyOCQAzLAloASta+rHQA8cpwj',445cbf7276455b97283414153107b593,file:///C:/Users/Client/Documents/GitHub/article/CellProfiler/E.coli_mono_agarose/1.%20Raw%20Images/1.%20raw%20images/mono_T000104.tif,0,0,0,0,0,0,0,0,0,0,0,0,0,0,0,0,C:\Users\Client\Documents\GitHub\article\CellProfiler\E.coli_mono_agarose\1. Raw Images\1. raw images,Done,255,0,0.2315441370010376,0.4003640413284302,0.28943017,0.40036404,-11.526096871014966,-8.418222007531954,1.7805034632239989,0.17694485833826026,22,138,16,115,file:///C:/Users/Client/Documents/GitHub/article/CellProfiler/E.coli_mono_agarose/1.%20Raw%20Images/1.%20raw%20images/mono_T000104.tif,536
-1,912.0,912.0,912.0,0.0,0.0,0.140625,0.0,0.203125,0.0,0.0,4.390625,0.890625,0.9375,2.4375,0.03125,3.078125,1.40625,mono_T000105.tif,0,105,1,1060,105,b'eLvlvNmvsxlNrYM3tRoamOqVZKaBkybMb8BwA7kZlHadURIxiIFIyOCQAzLAloASta+rHQA8v5wk',0aa7ddd8d3909c4261b7ec6f99d3a8a2,file:///C:/Users/Client/Documents/GitHub/article/CellProfiler/E.coli_mono_agarose/1.%20Raw%20Images/1.%20raw%20images/mono_T000105.tif,0,0,0,0,0,0,0,0,0,0,0,0,0,0,0,0,C:\Users\Client\Documents\GitHub\article\CellProfiler\E.coli_mono_agarose\1. Raw Images\1. raw images,Done,255,0,0.2302173137664795,0.40060052275657654,0.28777164,0.40060052,-11.654458325718899,-8.615939088493302,1.7831071407780192,0.17789859170614675,47,141,29,106,file:///C:/Users/Client/Documents/GitHub/article/CellProfiler/E.coli_mono_agarose/1.%20Raw%20Images/1.%20raw%20images/mono_T000105.tif,536
-1,964.0,964.0,964.0,0.0,0.0,0.140625,0.0,0.234375,0.0,0.0,4.375,0.9375,0.984375,2.484375,0.03125,3.34375,1.34375,mono_T000106.tif,0,106,1,1060,106,b'eLvlvNmvsxlNrYM3tRoamOmVZKaBkybMb8BwA7kZlHadURIxiIFIyOCQAzLAloASta+rHQA9DJwl',9ab306441ae70123b9c238fc4822a19a,file:///C:/Users/Client/Documents/GitHub/article/CellProfiler/E.coli_mono_agarose/1.%20Raw%20Images/1.%20raw%20images/mono_T000106.tif,0,0,0,0,0,0,0,0,0,0,0,0,0,0,0,0,C:\Users\Client\Documents\GitHub\article\CellProfiler\E.coli_mono_agarose\1. Raw Images\1. raw images,Done,255,0,0.23017301559448244,0.39811933040618896,0.28771627,0.39811933,-11.654078771725818,-8.036147123823111,1.721278365757694,0.18208148631227614,24,117,31,111,file:///C:/Users/Client/Documents/GitHub/article/CellProfiler/E.coli_mono_agarose/1.%20Raw%20Images/1.%20raw%20images/mono_T000106.tif,536
-1,1034.0,1034.0,1034.0,0.0,0.0,0.234375,0.0,0.25,0.015625,0.0,4.453125,0.96875,1.03125,2.71875,0.03125,3.640625,1.484375,mono_T000107.tif,0,107,1,1060,107,b'eLvlvNmvsxlNrYM3tRoamOuVZKaBkybMb8BwA7kZlHadURIxiIFIyOCQAzLAloASta+rHQA9WZwm',41a5ed699c898e46c4c03f44e7463978,file:///C:/Users/Client/Documents/GitHub/article/CellProfiler/E.coli_mono_agarose/1.%20Raw%20Images/1.%20raw%20images/mono_T000107.tif,0,0,0,0,0,0,0,0,0,0,0,0,0,0,0,0,C:\Users\Client\Documents\GitHub\article\CellProfiler\E.coli_mono_agarose\1. Raw Images\1. raw images,Done,255,0,0.23161003589630128,0.4008448123931885,0.28951254,0.4008448,-11.636378240711945,-8.532550975236841,1.7291644096703136,0.18497415336946169,25,103,19,122,file:///C:/Users/Client/Documents/GitHub/article/CellProfiler/E.coli_mono_agarose/1.%20Raw%20Images/1.%20raw%20images/mono_T000107.tif,536
-1,987.0,987.0,987.0,0.0,0.0,0.1875,0.0,0.203125,0.015625,0.0,4.5625,1.03125,1.0,2.78125,0.046875,3.359375,1.515625,mono_T000108.tif,0,108,1,1060,108,b'eLvlvNmvsxlNrYM3tRoaWOiVZKaBkybMb8BwA7kZlHadURIxiIFIyOCQAzLAloASta+rHQA9ppwn',49d36c97a3d2d3eeea6c4916257a6421,file:///C:/Users/Client/Documents/GitHub/article/CellProfiler/E.coli_mono_agarose/1.%20Raw%20Images/1.%20raw%20images/mono_T000108.tif,0,0,0,0,0,0,0,0,0,0,0,0,0,0,0,0,C:\Users\Client\Documents\GitHub\article\CellProfiler\E.coli_mono_agarose\1. Raw Images\1. raw images,Done,255,0,0.22883124351501466,0.3988799452781677,0.28603905,0.39887995,-11.664096330027391,-8.48461527458105,1.695852530453883,0.18775007889673725,27,148,19,121,file:///C:/Users/Client/Documents/GitHub/article/CellProfiler/E.coli_mono_agarose/1.%20Raw%20Images/1.%20raw%20images/mono_T000108.tif,536
-1,1035.0,1035.0,1035.0,0.0,0.0,0.1875,0.0,0.234375,0.015625,0.0,4.5,0.953125,1.09375,2.765625,0.03125,3.640625,1.421875,mono_T000109.tif,0,109,1,1060,109,b'eLvlvNmvsxlNrYM3tRoaWOqVZKaBkybMb8BwA7kZlHadURIxiIFIyOCQAzLAloASta+rHQA985wo',24f0a29cb296ff085d537ff3ea3648db,file:///C:/Users/Client/Documents/GitHub/article/CellProfiler/E.coli_mono_agarose/1.%20Raw%20Images/1.%20raw%20images/mono_T000109.tif,0,0,0,0,0,0,0,0,0,0,0,0,0,0,0,0,C:\Users\Client\Documents\GitHub\article\CellProfiler\E.coli_mono_agarose\1. Raw Images\1. raw images,Done,255,0,0.23085989952087405,0.39641737937927246,0.28857487,0.39641738,-11.775196863354378,-8.467662149213604,1.7227974968681217,0.18851871767872852,14,128,24,123,file:///C:/Users/Client/Documents/GitHub/article/CellProfiler/E.coli_mono_agarose/1.%20Raw%20Images/1.%20raw%20images/mono_T000109.tif,536
-1,1070.0,1070.0,1070.0,0.0,0.0,0.203125,0.0,0.1875,0.0,0.0,4.53125,0.96875,1.03125,2.828125,0.015625,3.671875,1.421875,mono_T000110.tif,0,110,1,1060,110,b'eLvlvNmvsxlNrYM3tRoaGuiVZKaBkybMb8BwA7kZlHadURIxiIFIyOCQAzLAloASta+rHQA7jJwg',5576ad3c60317925e07b4b0fa8cf375e,file:///C:/Users/Client/Documents/GitHub/article/CellProfiler/E.coli_mono_agarose/1.%20Raw%20Images/1.%20raw%20images/mono_T000110.tif,0,0,0,0,0,0,0,0,0,0,0,0,0,0,0,0,C:\Users\Client\Documents\GitHub\article\CellProfiler\E.coli_mono_agarose\1. Raw Images\1. raw images,Done,255,0,0.2283629894256592,0.3975159823894501,0.28545374,0.39751598,-11.691159424442134,-8.407463081175495,1.687164831951012,0.1918853919085517,28,209,34,119,file:///C:/Users/Client/Documents/GitHub/article/CellProfiler/E.coli_mono_agarose/1.%20Raw%20Images/1.%20raw%20images/mono_T000110.tif,536
-1,1100.0,1101.0,1100.0,0.0,0.0,0.203125,0.0,0.21875,0.0,0.0,4.609375,0.984375,1.03125,2.78125,0.03125,3.796875,1.5,mono_T000111.tif,0,111,1,1060,111,b'eLvlvNmvsxlNrYM3tRoaGuqVZKaBkybMb8BwA7kZlHadURIxiIFIyOCQAzLAloASta+rHQA72Zwh',071a203e75485416edb5720ff7c026bd,file:///C:/Users/Client/Documents/GitHub/article/CellProfiler/E.coli_mono_agarose/1.%20Raw%20Images/1.%20raw%20images/mono_T000111.tif,0,0,0,0,0,0,0,0,0,0,0,0,0,0,0,0,C:\Users\Client\Documents\GitHub\article\CellProfiler\E.coli_mono_agarose\1. Raw Images\1. raw images,Done,255,0,0.22829961776733398,0.3969210088253021,0.28537452,0.396921,-11.725382687847262,-8.180967102458023,1.7141481677347743,0.19203209641255595,43,150,37,118,file:///C:/Users/Client/Documents/GitHub/article/CellProfiler/E.coli_mono_agarose/1.%20Raw%20Images/1.%20raw%20images/mono_T000111.tif,536
-1,1109.0,1109.0,1109.0,0.0,0.0,0.21875,0.0,0.203125,0.015625,0.0,4.5,1.0625,1.078125,2.890625,0.03125,3.90625,1.46875,mono_T000112.tif,0,112,1,1060,112,b'eLvlvNmvsxlNrYM3tRoaGumVZKaBkybMb8BwA7kZlHadURIxiIFIyOCQAzLAloASta+rHQA8Jpwi',f9ce8e3aaff32484e79d17ddd6547906,file:///C:/Users/Client/Documents/GitHub/article/CellProfiler/E.coli_mono_agarose/1.%20Raw%20Images/1.%20raw%20images/mono_T000112.tif,0,0,0,0,0,0,0,0,0,0,0,0,0,0,0,0,C:\Users\Client\Documents\GitHub\article\CellProfiler\E.coli_mono_agarose\1. Raw Images\1. raw images,Done,255,0,0.22554066181182864,0.3961958885192871,0.28192583,0.3961959,-11.755697212307512,-8.407089955263295,1.6760186022642702,0.19098354653969432,36,152,33,119,file:///C:/Users/Client/Documents/GitHub/article/CellProfiler/E.coli_mono_agarose/1.%20Raw%20Images/1.%20raw%20images/mono_T000112.tif,536
